extensionID,reference
bgbeocleofdgkldamjapfgcglnmhmjgb,"https://www.trendmicro.com/vinfo/us/security/news/cybercrime-and-digital-threats/chrome-extensions-malicious-domains-used-to-steal-user-data"
ncjbeingokdeimlmolagjaddccfdlkbd,"https://www.trendmicro.com/vinfo/us/security/news/cybercrime-and-digital-threats/chrome-extensions-malicious-domains-used-to-steal-user-data"
cflijgpldfbmdijnkeoadcjpfgokoeck,"https://www.catonetworks.com/blog/threat-intelligence-feeds-and-endpoint-protection-systems-fail-to-detect-24-malicious-chrome-extensions/"
ciiobgcookficfhfccnjfcdmhekiadje,"https://www.catonetworks.com/blog/threat-intelligence-feeds-and-endpoint-protection-systems-fail-to-detect-24-malicious-chrome-extensions/"
cpdngajmgfolfjhnccalanfegdiebmbm,"https://www.catonetworks.com/blog/threat-intelligence-feeds-and-endpoint-protection-systems-fail-to-detect-24-malicious-chrome-extensions/"
dfehheanbnmfndkffgmdaeindpjnicpi,"https://www.catonetworks.com/blog/threat-intelligence-feeds-and-endpoint-protection-systems-fail-to-detect-24-malicious-chrome-extensions/"
djdcfiocijfjponepmbbdmbeblofhfff,"https://www.catonetworks.com/blog/threat-intelligence-feeds-and-endpoint-protection-systems-fail-to-detect-24-malicious-chrome-extensions/"
epcdjnnpcbidnlehlklebmdijbjleefc,"https://www.catonetworks.com/blog/threat-intelligence-feeds-and-endpoint-protection-systems-fail-to-detect-24-malicious-chrome-extensions/"
fichcldcnidefpllcpcpmnjipcdafjjl,"https://www.catonetworks.com/blog/threat-intelligence-feeds-and-endpoint-protection-systems-fail-to-detect-24-malicious-chrome-extensions/"
fkacpajnbmglejpdaaeafjafjeleacnj,"https://www.catonetworks.com/blog/threat-intelligence-feeds-and-endpoint-protection-systems-fail-to-detect-24-malicious-chrome-extensions/"
flhahaabnnkoccijodlhobjfchcchgjd,"https://www.catonetworks.com/blog/threat-intelligence-feeds-and-endpoint-protection-systems-fail-to-detect-24-malicious-chrome-extensions/"
hadebekepjnjbcmpiphpecnibbfgonni,"https://www.catonetworks.com/blog/threat-intelligence-feeds-and-endpoint-protection-systems-fail-to-detect-24-malicious-chrome-extensions/"
ijbcfkkcifjgnikfcmbdfbddcgjdmgga,"https://www.catonetworks.com/blog/threat-intelligence-feeds-and-endpoint-protection-systems-fail-to-detect-24-malicious-chrome-extensions/"
iogkcdbmgbhoelodlobknifhlkljiepm,"https://www.catonetworks.com/blog/threat-intelligence-feeds-and-endpoint-protection-systems-fail-to-detect-24-malicious-chrome-extensions/"
lamaflkhfcmnjcfkcolgmmlpajfholja,"https://www.catonetworks.com/blog/threat-intelligence-feeds-and-endpoint-protection-systems-fail-to-detect-24-malicious-chrome-extensions/"
lepjcehmlpfdgholbejebidnnkkannpl,"https://www.catonetworks.com/blog/threat-intelligence-feeds-and-endpoint-protection-systems-fail-to-detect-24-malicious-chrome-extensions/"
ljnppgaebjnbbahgmjajfbcoabdpopfb,"https://www.catonetworks.com/blog/threat-intelligence-feeds-and-endpoint-protection-systems-fail-to-detect-24-malicious-chrome-extensions/"
llfdfhfdkdpkphlddncfjmajiciboanf,"https://www.catonetworks.com/blog/threat-intelligence-feeds-and-endpoint-protection-systems-fail-to-detect-24-malicious-chrome-extensions/"
loiloamappomjnanlieaipcmlpmmolkg,"https://www.catonetworks.com/blog/threat-intelligence-feeds-and-endpoint-protection-systems-fail-to-detect-24-malicious-chrome-extensions/"
mfdcjdgkcepgfcfgbadbekokbnlifbko,"https://www.catonetworks.com/blog/threat-intelligence-feeds-and-endpoint-protection-systems-fail-to-detect-24-malicious-chrome-extensions/"
mgkmlkgpnffmhhfallpoknfmmkdkfejp,"https://www.catonetworks.com/blog/threat-intelligence-feeds-and-endpoint-protection-systems-fail-to-detect-24-malicious-chrome-extensions/"
ndhhhgoicnabjcgnamebnbdgkpobbljm,"https://www.catonetworks.com/blog/threat-intelligence-feeds-and-endpoint-protection-systems-fail-to-detect-24-malicious-chrome-extensions/"
njmjfnbhppmkpbbcfloagfmfokbokjgo,"https://www.catonetworks.com/blog/threat-intelligence-feeds-and-endpoint-protection-systems-fail-to-detect-24-malicious-chrome-extensions/"
nofdiclilfkicekdajkiaieafeciemlh,"https://www.catonetworks.com/blog/threat-intelligence-feeds-and-endpoint-protection-systems-fail-to-detect-24-malicious-chrome-extensions/"
pdfakgkkbagclonnhakillpkhoalfeef,"https://www.catonetworks.com/blog/threat-intelligence-feeds-and-endpoint-protection-systems-fail-to-detect-24-malicious-chrome-extensions/"
pdlfbopkggkgdmgkejgjgnbdbmfcnfjn,"https://www.catonetworks.com/blog/threat-intelligence-feeds-and-endpoint-protection-systems-fail-to-detect-24-malicious-chrome-extensions/"
aaeohfpkhojgdhocdfpkdaffbehjbmmd,"https://duo.com/labs/research/crxcavator-malvertising-2020"
abghmipjfclfpgmmelbgolfgmhnigbma,"https://duo.com/labs/research/crxcavator-malvertising-2020"
abjbfhcehjndcpbiiagdnlfolkbfblpb,"https://duo.com/labs/research/crxcavator-malvertising-2020"
almfnpjmjpnknlgpipillhfmchjikkno,"https://duo.com/labs/research/crxcavator-malvertising-2020"
bbjilncoookdcjjnkcdaofiollndepla,"https://duo.com/labs/research/crxcavator-malvertising-2020"
bblkckhknhmalchbceidkmjalmcmnkfa,"https://duo.com/labs/research/crxcavator-malvertising-2020"
blcfpeooekoekehdpbikibeblpjlehlh,"https://duo.com/labs/research/crxcavator-malvertising-2020"
dajgdhiemoaecngkpliephmheifopmjb,"https://duo.com/labs/research/crxcavator-malvertising-2020"
dcbfmglfdlgpnolgdjoioeocllioebpe,"https://duo.com/labs/research/crxcavator-malvertising-2020"
ddenjpheppdmfimooolgihimdgpilhfo,"https://duo.com/labs/research/crxcavator-malvertising-2020"
dealfjgnmkibkcldkcpbikenmajlglmc,"https://duo.com/labs/research/crxcavator-malvertising-2020"
dehhfjanlmglmabomenmpjnnopigplae,"https://duo.com/labs/research/crxcavator-malvertising-2020"
dibjpjiifnahccnokciamjlfgdlgimmn,"https://duo.com/labs/research/crxcavator-malvertising-2020"
eeacchjlmkcleifpppcjbmahcnlihamj,"https://duo.com/labs/research/crxcavator-malvertising-2020"
eebbihndkbkejmlgfoofigacgicamfha,"https://duo.com/labs/research/crxcavator-malvertising-2020"
ehibgcefkpbfkklbpahilhicidnhiboc,"https://duo.com/labs/research/crxcavator-malvertising-2020"
ekijhekekfckmkmbemiijdkihdibnbgh,"https://duo.com/labs/research/crxcavator-malvertising-2020"
emkkigmmpfbjmikfadmfeebomholoikg,"https://duo.com/labs/research/crxcavator-malvertising-2020"
eogoljjmndnjfikmcbmopmlhjnhbmdda,"https://duo.com/labs/research/crxcavator-malvertising-2020"
eohnfgagodblipmmalphhfepaonpnjgk,"https://duo.com/labs/research/crxcavator-malvertising-2020"
faopefnnleiebimhkldlplkgkjpbmcea,"https://duo.com/labs/research/crxcavator-malvertising-2020"
fdbmoflclpmkmeobidcgmfamkicinnlg,"https://duo.com/labs/research/crxcavator-malvertising-2020"
fekjbjbbdopogpamkmdjpjicapclgamj,"https://duo.com/labs/research/crxcavator-malvertising-2020"
fhkmacopackahlbnpcfijgphgoimpggb,"https://duo.com/labs/research/crxcavator-malvertising-2020"
fjclfmhapndgeabdcikbhemimpijpnah,"https://duo.com/labs/research/crxcavator-malvertising-2020"
fkllfgoempnigpogkgkgmghkchmjcjni,"https://duo.com/labs/research/crxcavator-malvertising-2020"
gbkmkgfjngebdcpklbkeccelcjaobblk,"https://duo.com/labs/research/crxcavator-malvertising-2020"
gdnkjjhpffldmfljpbfemliidkeeecdj,"https://duo.com/labs/research/crxcavator-malvertising-2020"
gelcjfdfebnabkielednfoogpbhdeoai,"https://duo.com/labs/research/crxcavator-malvertising-2020"
gjammdgdlgmoidmdfoefkeklnhmllpjp,"https://duo.com/labs/research/crxcavator-malvertising-2020"
gkemhapalomnipjhminflfhjcjehjhmp,"https://duo.com/labs/research/crxcavator-malvertising-2020"
gmljddfeipofcffbhhcpohkegndieeab,"https://duo.com/labs/research/crxcavator-malvertising-2020"
gpaaalbnkccgmmbkendiciheljgpdhob,"https://duo.com/labs/research/crxcavator-malvertising-2020"
icolkoeolaodpjogekifcidcdbgbdobc,"https://duo.com/labs/research/crxcavator-malvertising-2020"
iggmbfojpkfikoahlfghaalpbpkhfohc,"https://duo.com/labs/research/crxcavator-malvertising-2020"
igpcgjcdhmdjhdlgoncfnpkdipanlida,"https://duo.com/labs/research/crxcavator-malvertising-2020"
ilcbbngkolbclhlildojhgjdbkkehfia,"https://duo.com/labs/research/crxcavator-malvertising-2020"
jaehldonmiabhfohkenmlimnceapgpnp,"https://duo.com/labs/research/crxcavator-malvertising-2020"
jdoaaldnifinadckcbfkbiekgaebkeif,"https://duo.com/labs/research/crxcavator-malvertising-2020"
jepocknhdcgdmbiodbpopcbjnlgecdhf,"https://duo.com/labs/research/crxcavator-malvertising-2020"
jfnlkmaledafkdhdokgnhlcmeamakham,"https://duo.com/labs/research/crxcavator-malvertising-2020"
jmbmildjdmppofnohldicmnkojfhggmb,"https://duo.com/labs/research/crxcavator-malvertising-2020"
jpnamljnefhpbpcofcbonjjjkmfjbhdp,"https://duo.com/labs/research/crxcavator-malvertising-2020"
kdkpllchojjkbgephbbeacaahecgfpga,"https://duo.com/labs/research/crxcavator-malvertising-2020"
lebmkjafnodbnhbahbgdollaaabcmpbh,"https://duo.com/labs/research/crxcavator-malvertising-2020"
lgljionbhcfbnpjgfnhhoadpdngkmfnh,"https://duo.com/labs/research/crxcavator-malvertising-2020"
lhfibgclamcffnddoicjmoopmgomknmb,"https://duo.com/labs/research/crxcavator-malvertising-2020"
lidnmohoigekohfmdpopgcpigjkpemll,"https://duo.com/labs/research/crxcavator-malvertising-2020"
lojgkcienjoiogbfkbjiidpfnabhkckf,"https://duo.com/labs/research/crxcavator-malvertising-2020"
looclnmoilplejheganiloofamfilbcd,"https://duo.com/labs/research/crxcavator-malvertising-2020"
mjchijabihjkhmmaaihpgmhkklgakinl,"https://duo.com/labs/research/crxcavator-malvertising-2020"
nchdkdaknojhpimbfbejfcdnmjfbllhj,"https://duo.com/labs/research/crxcavator-malvertising-2020"
nfhpojfdhcdmimokleagkdcbkmcgfjkh,"https://duo.com/labs/research/crxcavator-malvertising-2020"
nlhocomjnfjedielocojomgfldbjmdjj,"https://duo.com/labs/research/crxcavator-malvertising-2020"
oanbpfkcehelcjjipodkaafialmfejmi,"https://duo.com/labs/research/crxcavator-malvertising-2020"
obbfndpanmiplgfcbeonoocobbnjdmdc,"https://duo.com/labs/research/crxcavator-malvertising-2020"
obcfkcpejehknjdollnafpebkcpkklbl,"https://duo.com/labs/research/crxcavator-malvertising-2020"
obmbmalbahpfbckpcfbipooimkldgphm,"https://duo.com/labs/research/crxcavator-malvertising-2020"
ocifcogajbgikalbpphmoedjlcfjkhgh,"https://duo.com/labs/research/crxcavator-malvertising-2020"
oehimkphpeeeneindfeekidpmkpffkgc,"https://duo.com/labs/research/crxcavator-malvertising-2020"
ofdfbeanbffehepagohhengmjnhlkich,"https://duo.com/labs/research/crxcavator-malvertising-2020"
ofpihhkeakgnnbkmcoifjkkhnllddbld,"https://duo.com/labs/research/crxcavator-malvertising-2020"
ogjfhmgoalinegalajpmjoliipdibhdm,"https://duo.com/labs/research/crxcavator-malvertising-2020"
ojofdaokgfdlbeomlelkiiipkocneien,"https://duo.com/labs/research/crxcavator-malvertising-2020"
opooaebceonakifaacigffdhogdgfadg,"https://duo.com/labs/research/crxcavator-malvertising-2020"
peglehonblabfemopkgmfcpofbchegcl,"https://duo.com/labs/research/crxcavator-malvertising-2020"
pjjghngpidphgicpgdebpmdgdicepege,"https://duo.com/labs/research/crxcavator-malvertising-2020"
pjpjefgijnjlhgegceegmpecklonpdjp,"https://duo.com/labs/research/crxcavator-malvertising-2020"
pmhlkgkblgeeigiegkmacefjoflennbn,"https://duo.com/labs/research/crxcavator-malvertising-2020"
pnhjnmacgahapmnnifmneapinilajfol,"https://duo.com/labs/research/crxcavator-malvertising-2020"
poppendnaoonepbkmjejdfebihohaalo,"https://duo.com/labs/research/crxcavator-malvertising-2020"
acdfdofofabmipgcolilkfhnpoclgpdd,"https://github.com/mallorybowes/chrome-mal-ids"
aemaecahdckfllfldhgimjhdgiaahean,"https://github.com/mallorybowes/chrome-mal-ids"
akdbogfpgohikflhccclloneidjkogog,"https://github.com/mallorybowes/chrome-mal-ids"
aoeacblfmdamdejeiaepojbhohhkmkjh,"https://github.com/mallorybowes/chrome-mal-ids"
aonedlchkbicmhepimiahfalheedjgbh,"https://github.com/mallorybowes/chrome-mal-ids"
bhcpgfhiobcpokfpdahijhnipenkplji,"https://github.com/mallorybowes/chrome-mal-ids"
bhfoemlllidnfefgkeaeocnageepbael,"https://github.com/mallorybowes/chrome-mal-ids"
bmcnncbmipphlkdmgfbipbanmmfdamkd,"https://github.com/mallorybowes/chrome-mal-ids"
ceoldlgkhdbnnmojajjgfapagjccblib,"https://github.com/mallorybowes/chrome-mal-ids"
cgpbghdbejagejmciefmekcklikpoeel,"https://github.com/mallorybowes/chrome-mal-ids"
chmaijbnjdnkjknoigffoohjhpejjppd,"https://github.com/mallorybowes/chrome-mal-ids"
cjmpdadldchjmljhkigoeejegmghaabp,"https://github.com/mallorybowes/chrome-mal-ids"
dambkkeeabmnhelekdekfmabnckghdih,"https://github.com/mallorybowes/chrome-mal-ids"
dgjmdlifhbljhmgkjbojeejmeeplapej,"https://github.com/mallorybowes/chrome-mal-ids"
dljdbmkffjijepjnkonndbdiakjfdcic,"https://github.com/mallorybowes/chrome-mal-ids"
dppilebghcniomddkpphiminideiajff,"https://github.com/mallorybowes/chrome-mal-ids"
eikbfklcjampfnmclhjeifbmfkpkfpbn,"https://github.com/mallorybowes/chrome-mal-ids"
ejfajpmpabphhkcacijnhggimhelopfg,"https://github.com/mallorybowes/chrome-mal-ids"
emechknidkghbpiodihlodkhnljplpjm,"https://github.com/mallorybowes/chrome-mal-ids"
eoeoincjhpflnpdaiemgbboknhkblome,"https://github.com/mallorybowes/chrome-mal-ids"
fbhbpnjkpcdmcgcpfilooccjgemlkinn,"https://github.com/mallorybowes/chrome-mal-ids"
fgaapohcdolaiaijobecfleiohcfhdfb,"https://github.com/mallorybowes/chrome-mal-ids"
fmfjhicbjecfchfmpelfnifijeigelme,"https://github.com/mallorybowes/chrome-mal-ids"
gfjocjagfinihkkaahliainflifnlnfc,"https://github.com/mallorybowes/chrome-mal-ids"
glgemekgfjppocilabhlcbngobillcgf,"https://github.com/mallorybowes/chrome-mal-ids"
hajlccgbgjdcjaommiffaphjdndpjcio,"https://github.com/mallorybowes/chrome-mal-ids"
hdbipekpdpggjaipompnomhccfemaljm,"https://github.com/mallorybowes/chrome-mal-ids"
ibehiiilehaakkhkigckfjfknboalpbe,"https://github.com/mallorybowes/chrome-mal-ids"
ickfamnaffmfjgecbbnhecdnmjknblic,"https://github.com/mallorybowes/chrome-mal-ids"
iibnodnghffmdcebaglfgnfkgemcbchf,"https://github.com/mallorybowes/chrome-mal-ids"
inlgdellfblpplcogjfedlhjnpgafnia,"https://github.com/mallorybowes/chrome-mal-ids"
jhcfnojahmdghhebdaoijngclknfkbjn,"https://github.com/mallorybowes/chrome-mal-ids"
jlkfgpiicpnlbmmmpkpdjkkdolgomhmb,"https://github.com/mallorybowes/chrome-mal-ids"
klbibkeccnjlkjkiokjodocebajanakg,"https://github.com/mallorybowes/chrome-mal-ids"
klejifgmmnkgejbhgmpgajemhlnijlib,"https://github.com/mallorybowes/chrome-mal-ids"
klmjcelobglnhnbfpmlbgnoeippfhhil,"https://github.com/mallorybowes/chrome-mal-ids"
lalpacfpfnobgdkbbpggecolckiffhoi,"https://github.com/mallorybowes/chrome-mal-ids"
ldbfffpdfgghehkkckifnjhoncdgjkib,"https://github.com/mallorybowes/chrome-mal-ids"
lfedlgnabjompjngkpddclhgcmeklana,"https://github.com/mallorybowes/chrome-mal-ids"
lgjogljbnbfjcaigalbhiagkboajmkkj,"https://github.com/mallorybowes/chrome-mal-ids"
lmcajpniijhhhpcnhleibgiehhicjlnk,"https://github.com/mallorybowes/chrome-mal-ids"
lnocaphbapmclliacmbbggnfnjojbjgf,"https://github.com/mallorybowes/chrome-mal-ids"
mbacbcfdfaapbcnlnbmciiaakomhkbkb,"https://github.com/mallorybowes/chrome-mal-ids"
mdnmhbnbebabimcjggckeoibchhckemm,"https://github.com/mallorybowes/chrome-mal-ids"
mdpgppkombninhkfhaggckdmencplhmg,"https://github.com/mallorybowes/chrome-mal-ids"
mdpljndcmbeikfnlflcggaipgnhiedbl,"https://github.com/mallorybowes/chrome-mal-ids"
miejmllodobdobgjbeonandkjhnhpjbn,"https://github.com/mallorybowes/chrome-mal-ids"
mnafnfdagggclnaggnjajohakfbppaih,"https://github.com/mallorybowes/chrome-mal-ids"
napifgkjbjeodgmfjmgncljmnmdefpbf,"https://github.com/mallorybowes/chrome-mal-ids"
nilbfjdbacfdodpbdondbbkmoigehodg,"https://github.com/mallorybowes/chrome-mal-ids"
njdkgjbjmdceaibhngelkkloceihelle,"https://github.com/mallorybowes/chrome-mal-ids"
npdpplbicnmpoigidfdjadamgfkilaak,"https://github.com/mallorybowes/chrome-mal-ids"
ojmbbkdflpfjdceflikpkbbmmbfagglg,"https://github.com/mallorybowes/chrome-mal-ids"
oknpgmaeedlbdichgaghebhiknmghffa,"https://github.com/mallorybowes/chrome-mal-ids"
olkpikmlhoaojbbmmpejnimiglejmboe,"https://github.com/mallorybowes/chrome-mal-ids"
onbkopaoemachfglhlpomhbpofepfpom,"https://github.com/mallorybowes/chrome-mal-ids"
oobppndjaabcidladjeehddkgkccfcpn,"https://github.com/mallorybowes/chrome-mal-ids"
pcaaejaejpolbbchlmbdjfiggojefllp,"https://github.com/mallorybowes/chrome-mal-ids"
pccfaccnfkjmdlkollpiaialndbieibj,"https://github.com/mallorybowes/chrome-mal-ids"
pfnmibjifkhhblmdmaocfohebdpfppkf,"https://github.com/mallorybowes/chrome-mal-ids"
pgjndpcilbcanlnhhjmhjalilcmoicjc,"https://github.com/mallorybowes/chrome-mal-ids"
phoehhafolaebdpimmbmlofmeibdkckp,"https://github.com/mallorybowes/chrome-mal-ids"
aeocankoflefcaiabdkdjkenofcpjagb,"https://github.com/uku/malicious-chrome-extensions"
alddjbjplgobbllfolehibiclbhmomla,"https://github.com/uku/malicious-chrome-extensions"
emmoddikhgncnaikamapbkggedoafomi,"https://github.com/uku/malicious-chrome-extensions"
fmakoabecaggdofhohcdjiaifnkmpldj,"https://github.com/uku/malicious-chrome-extensions"
gighmmpiobklfepjocnamgkkbiglidom,"https://blog.avast.com/greedy-cybercriminals-host-malware-on-github"
acmnokigkgihogfbeooklgemindnbine,"https://raw.githubusercontent.com/randomaccess3/detections/main/extensions/chromium/extracted/awake_galcomm.txt"
apgohnlmnmkblgfplgnlmkjcpocgfomp,"https://raw.githubusercontent.com/randomaccess3/detections/main/extensions/chromium/extracted/awake_galcomm.txt"
apjnadhmhgdobcdanndaphcpmnjbnfng,"https://raw.githubusercontent.com/randomaccess3/detections/main/extensions/chromium/extracted/awake_galcomm.txt"
bahkljhhdeciiaodlkppoonappfnheoi,"https://raw.githubusercontent.com/randomaccess3/detections/main/extensions/chromium/extracted/awake_galcomm.txt"
bannaglhmenocdjcmlkhkcciioaepfpj,"https://raw.githubusercontent.com/randomaccess3/detections/main/extensions/chromium/extracted/awake_galcomm.txt"
bgffinjklipdhacmidehoncomokcmjmh,"https://raw.githubusercontent.com/randomaccess3/detections/main/extensions/chromium/extracted/awake_galcomm.txt"
bifdhahddjbdbjmiekcnmeiffabcfjgh,"https://raw.githubusercontent.com/randomaccess3/detections/main/extensions/chromium/extracted/awake_galcomm.txt"
bjpknhldlbknoidifkjnnkpginjgkgnm,"https://raw.githubusercontent.com/randomaccess3/detections/main/extensions/chromium/extracted/awake_galcomm.txt"
blngdeeenccpfjbkolalandfmiinhkak,"https://raw.githubusercontent.com/randomaccess3/detections/main/extensions/chromium/extracted/awake_galcomm.txt"
ccdfhjebekpopcelcfkpgagbehppkadi,"https://raw.githubusercontent.com/randomaccess3/detections/main/extensions/chromium/extracted/awake_galcomm.txt"
cceejgojinihpakmciijfdgafhpchigo,"https://raw.githubusercontent.com/randomaccess3/detections/main/extensions/chromium/extracted/awake_galcomm.txt"
cebjhmljaodmgmcaecenghhikkjdfabo,"https://raw.githubusercontent.com/randomaccess3/detections/main/extensions/chromium/extracted/awake_galcomm.txt"
chbpnonhcgdbcpicacolalkgjlcjkbbd,"https://raw.githubusercontent.com/randomaccess3/detections/main/extensions/chromium/extracted/awake_galcomm.txt"
cifafogcmckphmnbeipgkpfbjphmajbc,"https://raw.githubusercontent.com/randomaccess3/detections/main/extensions/chromium/extracted/awake_galcomm.txt"
clopbiaijcfolfmjebjinippgmdkkppj,"https://raw.githubusercontent.com/randomaccess3/detections/main/extensions/chromium/extracted/awake_galcomm.txt"
cpgoblgcfemdmaolmfhpoifikehgbjbf,"https://raw.githubusercontent.com/randomaccess3/detections/main/extensions/chromium/extracted/awake_galcomm.txt"
dcmjopnlojhkngkmagminjbiahokmfig,"https://raw.githubusercontent.com/randomaccess3/detections/main/extensions/chromium/extracted/awake_galcomm.txt"
deiiiklocnibjflinkfmefpofgcfhdga,"https://raw.githubusercontent.com/randomaccess3/detections/main/extensions/chromium/extracted/awake_galcomm.txt"
dipecofobdcjnpffbkmfkdbfmjfjfgmn,"https://raw.githubusercontent.com/randomaccess3/detections/main/extensions/chromium/extracted/awake_galcomm.txt"
dopkmmcoegcjggfanajnindneifffpck,"https://raw.githubusercontent.com/randomaccess3/detections/main/extensions/chromium/extracted/awake_galcomm.txt"
dopmojabcdlfbnppmjeaajclohofnbol,"https://raw.githubusercontent.com/randomaccess3/detections/main/extensions/chromium/extracted/awake_galcomm.txt"
edcepmkpdojmciieeijebkodahjfliif,"https://raw.githubusercontent.com/randomaccess3/detections/main/extensions/chromium/extracted/awake_galcomm.txt"
ekbecnhekcpbfgdchfjcfmnocdfpcanj,"https://raw.githubusercontent.com/randomaccess3/detections/main/extensions/chromium/extracted/awake_galcomm.txt"
elflophcopcglipligoibfejllmndhmp,"https://raw.githubusercontent.com/randomaccess3/detections/main/extensions/chromium/extracted/awake_galcomm.txt"
eogfeijdemimhpfhlpjoifeckijeejkc,"https://raw.githubusercontent.com/randomaccess3/detections/main/extensions/chromium/extracted/awake_galcomm.txt"
fcobokliblbalmjmahdebcdalglnieii,"https://raw.githubusercontent.com/randomaccess3/detections/main/extensions/chromium/extracted/awake_galcomm.txt"
fgafnjobnempajahhgebbbpkpegcdlbf,"https://raw.githubusercontent.com/randomaccess3/detections/main/extensions/chromium/extracted/awake_galcomm.txt"
fgcomdacecoimaejookmlcfogngmfmli,"https://raw.githubusercontent.com/randomaccess3/detections/main/extensions/chromium/extracted/awake_galcomm.txt"
fgmeppijnhhafacemgoocgelcflipnfd,"https://raw.githubusercontent.com/randomaccess3/detections/main/extensions/chromium/extracted/awake_galcomm.txt"
fhanjgcjamaagccdkanegeefdpdkeban,"https://raw.githubusercontent.com/randomaccess3/detections/main/extensions/chromium/extracted/awake_galcomm.txt"
flfkimeelfnpapcgmobfgfifhackkend,"https://raw.githubusercontent.com/randomaccess3/detections/main/extensions/chromium/extracted/awake_galcomm.txt"
fmahbaepkpdimfcjpopjklankbbhdobk,"https://raw.githubusercontent.com/randomaccess3/detections/main/extensions/chromium/extracted/awake_galcomm.txt"
foebfmkeamadbhjcdglihfijdaohomlm,"https://raw.githubusercontent.com/randomaccess3/detections/main/extensions/chromium/extracted/awake_galcomm.txt"
fpngnlpmkfkhodklbljnncdcmkiopide,"https://raw.githubusercontent.com/randomaccess3/detections/main/extensions/chromium/extracted/awake_galcomm.txt"
gdifegeihkihjbkkgdijkcpkjekoicbl,"https://raw.githubusercontent.com/randomaccess3/detections/main/extensions/chromium/extracted/awake_galcomm.txt"
gfcmbgjehfhemioddkpcipehdfnjmief,"https://raw.githubusercontent.com/randomaccess3/detections/main/extensions/chromium/extracted/awake_galcomm.txt"
gfdefkjpjdbiiclhimebabkmclmiiegk,"https://raw.githubusercontent.com/randomaccess3/detections/main/extensions/chromium/extracted/awake_galcomm.txt"
ggijmaajgdkdijomfipnpdfijcnodpip,"https://raw.githubusercontent.com/randomaccess3/detections/main/extensions/chromium/extracted/awake_galcomm.txt"
ghgjhnkjohlnmngbniijbkidigifekaa,"https://raw.githubusercontent.com/randomaccess3/detections/main/extensions/chromium/extracted/awake_galcomm.txt"
gllihgnfnbpdmnppfjdlkciijkddfohn,"https://raw.githubusercontent.com/randomaccess3/detections/main/extensions/chromium/extracted/awake_galcomm.txt"
gmmohhcojdhgbjjahhpkfhbapgcfgfne,"https://raw.githubusercontent.com/randomaccess3/detections/main/extensions/chromium/extracted/awake_galcomm.txt"
gofhadkfcffpjdbonbladicjdbkpickk,"https://raw.githubusercontent.com/randomaccess3/detections/main/extensions/chromium/extracted/awake_galcomm.txt"
hapicipmkalhnklammmfdblkngahelln,"https://raw.githubusercontent.com/randomaccess3/detections/main/extensions/chromium/extracted/awake_galcomm.txt"
hijipblimhboccjcnnjnjelcdmceeafa,"https://raw.githubusercontent.com/randomaccess3/detections/main/extensions/chromium/extracted/awake_galcomm.txt"
hmamdkecijcegebmhndhcihjjkndbjgk,"https://raw.githubusercontent.com/randomaccess3/detections/main/extensions/chromium/extracted/awake_galcomm.txt"
hodfejbmfdhcgolcglcojkpfdjjdepji,"https://raw.githubusercontent.com/randomaccess3/detections/main/extensions/chromium/extracted/awake_galcomm.txt"
hpfijbjnmddglpmogpaeofdbehkpball,"https://raw.githubusercontent.com/randomaccess3/detections/main/extensions/chromium/extracted/awake_galcomm.txt"
ianfonfnhjeidghdegbkbbjgliiciiic,"https://raw.githubusercontent.com/randomaccess3/detections/main/extensions/chromium/extracted/awake_galcomm.txt"
ibfjiddieiljjjccjemgnoopkpmpniej,"https://raw.githubusercontent.com/randomaccess3/detections/main/extensions/chromium/extracted/awake_galcomm.txt"
inhdgbalcopmbpjfincjponejamhaeop,"https://raw.githubusercontent.com/randomaccess3/detections/main/extensions/chromium/extracted/awake_galcomm.txt"
iondldgmpaoekbgabgconiajpbkebkin,"https://raw.githubusercontent.com/randomaccess3/detections/main/extensions/chromium/extracted/awake_galcomm.txt"
ipagcbjbgailmjeaojmpiddflpbgjngl,"https://raw.githubusercontent.com/randomaccess3/detections/main/extensions/chromium/extracted/awake_galcomm.txt"
jagbooldjnemiedoagckjomjegkopfno,"https://raw.githubusercontent.com/randomaccess3/detections/main/extensions/chromium/extracted/awake_galcomm.txt"
jdheollkkpfglhohnpgkonecdealeebn,"https://raw.githubusercontent.com/randomaccess3/detections/main/extensions/chromium/extracted/awake_galcomm.txt"
jfefcmidfkpncdkjkkghhmjkafanhiam,"https://raw.githubusercontent.com/randomaccess3/detections/main/extensions/chromium/extracted/awake_galcomm.txt"
jfgkpeobcmjlocjpfgocelimhppdmigj,"https://raw.githubusercontent.com/randomaccess3/detections/main/extensions/chromium/extracted/awake_galcomm.txt"
jghiljaagglmcdeopnjkfhcikjnddhhc,"https://raw.githubusercontent.com/randomaccess3/detections/main/extensions/chromium/extracted/awake_galcomm.txt"
jgjakaebbliafihodjhpkpankimhckdf,"https://raw.githubusercontent.com/randomaccess3/detections/main/extensions/chromium/extracted/awake_galcomm.txt"
jiiinmeiedloeiabcgkdcbbpfelmbaff,"https://raw.githubusercontent.com/randomaccess3/detections/main/extensions/chromium/extracted/awake_galcomm.txt"
jkdngiblfdmfjhiahibnnhcjncehcgab,"https://raw.githubusercontent.com/randomaccess3/detections/main/extensions/chromium/extracted/awake_galcomm.txt"
jkofpdjclecgjcfomkaajhhmmhnninia,"https://raw.githubusercontent.com/randomaccess3/detections/main/extensions/chromium/extracted/awake_galcomm.txt"
kbdbmddhlgckaggdapibpihadohhelao,"https://raw.githubusercontent.com/randomaccess3/detections/main/extensions/chromium/extracted/awake_galcomm.txt"
keceijnpfmmlnebgnkhojinbkopolaom,"https://raw.githubusercontent.com/randomaccess3/detections/main/extensions/chromium/extracted/awake_galcomm.txt"
khhemdcdllgomlbleegjdpbeflgbomcj,"https://raw.githubusercontent.com/randomaccess3/detections/main/extensions/chromium/extracted/awake_galcomm.txt"
kjdcopljcgiekkmjhinmcpioncofoclg,"https://raw.githubusercontent.com/randomaccess3/detections/main/extensions/chromium/extracted/awake_galcomm.txt"
kjgaljeofmfgjfipajjeeflbknekghma,"https://raw.githubusercontent.com/randomaccess3/detections/main/extensions/chromium/extracted/awake_galcomm.txt"
labpefoeghdmpbfijhnnejdmnjccgplc,"https://raw.githubusercontent.com/randomaccess3/detections/main/extensions/chromium/extracted/awake_galcomm.txt"
lameokaalbmnhgapanlloeichlbjloak,"https://raw.githubusercontent.com/randomaccess3/detections/main/extensions/chromium/extracted/awake_galcomm.txt"
lbeekfefglldjjenkaekhnogoplpmfin,"https://raw.githubusercontent.com/randomaccess3/detections/main/extensions/chromium/extracted/awake_galcomm.txt"
lbhddhdfbcdcfbbbmimncbakkjobaedh,"https://raw.githubusercontent.com/randomaccess3/detections/main/extensions/chromium/extracted/awake_galcomm.txt"
ldoiiiffclpggehajofeffljablcodif,"https://raw.githubusercontent.com/randomaccess3/detections/main/extensions/chromium/extracted/awake_galcomm.txt"
lhjdepbplpkgmghgiphdjpnagpmhijbg,"https://raw.githubusercontent.com/randomaccess3/detections/main/extensions/chromium/extracted/awake_galcomm.txt"
ljddilebjpmmomoppeemckhpilhmoaok,"https://raw.githubusercontent.com/randomaccess3/detections/main/extensions/chromium/extracted/awake_galcomm.txt"
ljnfpiodfojmjfbiechgkbkhikfbknjc,"https://raw.githubusercontent.com/randomaccess3/detections/main/extensions/chromium/extracted/awake_galcomm.txt"
lnedcnepmplnjmfdiclhbfhneconamoj,"https://raw.githubusercontent.com/randomaccess3/detections/main/extensions/chromium/extracted/awake_galcomm.txt"
lnlkgfpceclfhomgocnnenmadlhanghf,"https://raw.githubusercontent.com/randomaccess3/detections/main/extensions/chromium/extracted/awake_galcomm.txt"
loigeafmbglngofpkkddgobapkkcaena,"https://raw.githubusercontent.com/randomaccess3/detections/main/extensions/chromium/extracted/awake_galcomm.txt"
lpajppfbbiafpmbeompbinpigbemekcg,"https://raw.githubusercontent.com/randomaccess3/detections/main/extensions/chromium/extracted/awake_galcomm.txt"
majekhlfhmeeplofdolkddbecmgjgplm,"https://raw.githubusercontent.com/randomaccess3/detections/main/extensions/chromium/extracted/awake_galcomm.txt"
mapafdeimlgplbahigmhneiibemhgcnc,"https://raw.githubusercontent.com/randomaccess3/detections/main/extensions/chromium/extracted/awake_galcomm.txt"
mcfeaailfhmpdphgnheboncfiikfkenn,"https://raw.githubusercontent.com/randomaccess3/detections/main/extensions/chromium/extracted/awake_galcomm.txt"
mgkjakldpclhkfadefnoncnjkiaffpkp,"https://raw.githubusercontent.com/randomaccess3/detections/main/extensions/chromium/extracted/awake_galcomm.txt"
mhinpnedhapjlbgnhcifjdkklbeefbpa,"https://raw.githubusercontent.com/randomaccess3/detections/main/extensions/chromium/extracted/awake_galcomm.txt"
mihiainclhehjnklijgpokdpldjmjdap,"https://raw.githubusercontent.com/randomaccess3/detections/main/extensions/chromium/extracted/awake_galcomm.txt"
mmkakbkmcnchdopphcbphjioggaanmim,"https://raw.githubusercontent.com/randomaccess3/detections/main/extensions/chromium/extracted/awake_galcomm.txt"
mopkkgobjofbkkgemcidkndbglkcfhjj,"https://raw.githubusercontent.com/randomaccess3/detections/main/extensions/chromium/extracted/awake_galcomm.txt"
mpifmhgignilkmeckejgamolchmgfdom,"https://raw.githubusercontent.com/randomaccess3/detections/main/extensions/chromium/extracted/awake_galcomm.txt"
nabmpeienmkmicpjckkgihobgleppbkc,"https://raw.githubusercontent.com/randomaccess3/detections/main/extensions/chromium/extracted/awake_galcomm.txt"
nahhmpbckpgdidfnmfkfgiflpjijilce,"https://raw.githubusercontent.com/randomaccess3/detections/main/extensions/chromium/extracted/awake_galcomm.txt"
ncepfbpjhkahgdemgmjmcgbgnfdinnhk,"https://raw.githubusercontent.com/randomaccess3/detections/main/extensions/chromium/extracted/awake_galcomm.txt"
npaklgbiblcbpokaiddpmmbknncnbljb,"https://raw.githubusercontent.com/randomaccess3/detections/main/extensions/chromium/extracted/awake_galcomm.txt"
npdfkclmbnoklkdebjfodpendkepbjek,"https://raw.githubusercontent.com/randomaccess3/detections/main/extensions/chromium/extracted/awake_galcomm.txt"
nplenkhhmalidgamfdejkblbaihndkcm,"https://raw.githubusercontent.com/randomaccess3/detections/main/extensions/chromium/extracted/awake_galcomm.txt"
oalfdomffplbcimjikgaklfamodahpmi,"https://raw.githubusercontent.com/randomaccess3/detections/main/extensions/chromium/extracted/awake_galcomm.txt"
odnakbaioopckimfnkllgijmkikhfhhf,"https://raw.githubusercontent.com/randomaccess3/detections/main/extensions/chromium/extracted/awake_galcomm.txt"
oklejhdbgggnfaggiidiaokelehcfjdp,"https://raw.githubusercontent.com/randomaccess3/detections/main/extensions/chromium/extracted/awake_galcomm.txt"
omgeapkgiddakeoklcapboapbamdgmhp,"https://raw.githubusercontent.com/randomaccess3/detections/main/extensions/chromium/extracted/awake_galcomm.txt"
oonbcpdabjcggcklopgbdagbfnkhbgbe,"https://raw.githubusercontent.com/randomaccess3/detections/main/extensions/chromium/extracted/awake_galcomm.txt"
opahibnipmkjincplepgjiiinbfmppmh,"https://raw.githubusercontent.com/randomaccess3/detections/main/extensions/chromium/extracted/awake_galcomm.txt"
pamchlfnkebmjbfbknoclehcpfclbhpl,"https://raw.githubusercontent.com/randomaccess3/detections/main/extensions/chromium/extracted/awake_galcomm.txt"
pcfapghfanllmbdfiipeiihpkojekckk,"https://raw.githubusercontent.com/randomaccess3/detections/main/extensions/chromium/extracted/awake_galcomm.txt"
pchfjdkempbhcjdifpfphmgdmnmadgce,"https://raw.githubusercontent.com/randomaccess3/detections/main/extensions/chromium/extracted/awake_galcomm.txt"
pdpcpceofkopegffcdnffeenbfdldock,"https://raw.githubusercontent.com/randomaccess3/detections/main/extensions/chromium/extracted/awake_galcomm.txt"
pgahbiaijngfmbbijfgmchcnkipajgha,"https://raw.githubusercontent.com/randomaccess3/detections/main/extensions/chromium/extracted/awake_galcomm.txt"
pidohlmjfgjbafgfleommlolmbjdcpal,"https://raw.githubusercontent.com/randomaccess3/detections/main/extensions/chromium/extracted/awake_galcomm.txt"
pilplloabdedfmialnfchjomjmpjcoej,"https://raw.githubusercontent.com/randomaccess3/detections/main/extensions/chromium/extracted/awake_galcomm.txt"
pklmnoldkkoholegljdkibjjhmegpjep,"https://raw.githubusercontent.com/randomaccess3/detections/main/extensions/chromium/extracted/awake_galcomm.txt"
pknkncdfjlncijifekldbjmeaiakdbof,"https://raw.githubusercontent.com/randomaccess3/detections/main/extensions/chromium/extracted/awake_galcomm.txt"
plmgefkiicjfchonlmnbabfebpnpckkk,"https://raw.githubusercontent.com/randomaccess3/detections/main/extensions/chromium/extracted/awake_galcomm.txt"
pnciakodcdnehobpfcjcnnlcpmjlpkac,"https://raw.githubusercontent.com/randomaccess3/detections/main/extensions/chromium/extracted/awake_galcomm.txt"
ponodoigcmkglddlljanchegmkgkhmgb,"https://raw.githubusercontent.com/randomaccess3/detections/main/extensions/chromium/extracted/awake_galcomm.txt"
acmnokigkgihogfbeooklgemindnbine,"https://heimdalsecurity.com/blog/malicious-chrome-extension/"
apgohnlmnmkblgfplgnlmkjcpocgfomp,"https://heimdalsecurity.com/blog/malicious-chrome-extension/"
apjnadhmhgdobcdanndaphcpmnjbnfng,"https://heimdalsecurity.com/blog/malicious-chrome-extension/"
bahkljhhdeciiaodlkppoonappfnheoi,"https://heimdalsecurity.com/blog/malicious-chrome-extension/"
bannaglhmenocdjcmlkhkcciioaepfpj,"https://heimdalsecurity.com/blog/malicious-chrome-extension/"
bgffinjklipdhacmidehoncomokcmjmh,"https://heimdalsecurity.com/blog/malicious-chrome-extension/"
bifdhahddjbdbjmiekcnmeiffabcfjgh,"https://heimdalsecurity.com/blog/malicious-chrome-extension/"
bjpknhldlbknoidifkjnnkpginjgkgnm,"https://heimdalsecurity.com/blog/malicious-chrome-extension/"
blngdeeenccpfjbkolalandfmiinhkak,"https://heimdalsecurity.com/blog/malicious-chrome-extension/"
ccdfhjebekpopcelcfkpgagbehppkadi,"https://heimdalsecurity.com/blog/malicious-chrome-extension/"
cceejgojinihpakmciijfdgafhpchigo,"https://heimdalsecurity.com/blog/malicious-chrome-extension/"
cebjhmljaodmgmcaecenghhikkjdfabo,"https://heimdalsecurity.com/blog/malicious-chrome-extension/"
chbpnonhcgdbcpicacolalkgjlcjkbbd,"https://heimdalsecurity.com/blog/malicious-chrome-extension/"
cifafogcmckphmnbeipgkpfbjphmajbc,"https://heimdalsecurity.com/blog/malicious-chrome-extension/"
clopbiaijcfolfmjebjinippgmdkkppj,"https://heimdalsecurity.com/blog/malicious-chrome-extension/"
cpgoblgcfemdmaolmfhpoifikehgbjbf,"https://heimdalsecurity.com/blog/malicious-chrome-extension/"
dcmjopnlojhkngkmagminjbiahokmfig,"https://heimdalsecurity.com/blog/malicious-chrome-extension/"
deiiiklocnibjflinkfmefpofgcfhdga,"https://heimdalsecurity.com/blog/malicious-chrome-extension/"
dipecofobdcjnpffbkmfkdbfmjfjfgmn,"https://heimdalsecurity.com/blog/malicious-chrome-extension/"
dopkmmcoegcjggfanajnindneifffpck,"https://heimdalsecurity.com/blog/malicious-chrome-extension/"
dopmojabcdlfbnppmjeaajclohofnbol,"https://heimdalsecurity.com/blog/malicious-chrome-extension/"
edcepmkpdojmciieeijebkodahjfliif,"https://heimdalsecurity.com/blog/malicious-chrome-extension/"
ekbecnhekcpbfgdchfjcfmnocdfpcanj,"https://heimdalsecurity.com/blog/malicious-chrome-extension/"
elflophcopcglipligoibfejllmndhmp,"https://heimdalsecurity.com/blog/malicious-chrome-extension/"
eogfeijdemimhpfhlpjoifeckijeejkc,"https://heimdalsecurity.com/blog/malicious-chrome-extension/"
fcobokliblbalmjmahdebcdalglnieii,"https://heimdalsecurity.com/blog/malicious-chrome-extension/"
fgafnjobnempajahhgebbbpkpegcdlbf,"https://heimdalsecurity.com/blog/malicious-chrome-extension/"
oiigbmnaadbkfbmpbfijlflahbdbdgdf,"https://heimdalsecurity.com/blog/malicious-chrome-extension/"
andnkmffoleapmidfgnnjjoepadbiika,"https://www.gosecure.net/blog/2022/02/10/malicious-chrome-browser-extension-exposed-chromeback-leverages-silent-extension-loading/"
adikhbfjdbjkhelbdnffogkobkekkkej,"https://www.mcafee.com/blogs/other-blogs/mcafee-labs/malicious-cookie-stuffing-chrome-extensions-with-1-4-million-users"
flijfnhifgdcbhglkneplegafminjnhn,"https://www.mcafee.com/blogs/other-blogs/mcafee-labs/malicious-cookie-stuffing-chrome-extensions-with-1-4-million-users"
gbnahglfafmhaehbdmjedfhdmimjcbed,"https://www.mcafee.com/blogs/other-blogs/mcafee-labs/malicious-cookie-stuffing-chrome-extensions-with-1-4-million-users"
mmnbenehknklpbendgmgngeaignppnbe,"https://www.mcafee.com/blogs/other-blogs/mcafee-labs/malicious-cookie-stuffing-chrome-extensions-with-1-4-million-users"
pojgkmkfincpdkdgjepkmdekcahmckjp,"https://www.mcafee.com/blogs/other-blogs/mcafee-labs/malicious-cookie-stuffing-chrome-extensions-with-1-4-million-users"
clddifkhlkcojbojppdojfeeikdkgiae,"https://chris.partridge.tech/2020/extensions-the-next-generation-of-malware/help-for-users/"
gabbbocakeomblphkmmnoamkioajlkfo,"https://chris.partridge.tech/2020/extensions-the-next-generation-of-malware/help-for-users/"
ggolfgbegefeeoocgjbmkembbncoadlb,"https://chris.partridge.tech/2020/extensions-the-next-generation-of-malware/help-for-users/"
annjkojdjjedabhfdnfacdiafkmpijbl,"https://innovatecybersecurity.com/research/analysis-of-galcomm-communigal-chrome-extension-malware/"
apjnadhmhgdobcdanndaphcpmnjbnfng,"https://innovatecybersecurity.com/research/analysis-of-galcomm-communigal-chrome-extension-malware/"
bahkljhhdeciiaodlkppoonappfnheoi,"https://innovatecybersecurity.com/research/analysis-of-galcomm-communigal-chrome-extension-malware/"
baimmgglolfkaaefedmlgfkdajckmpfm,"https://innovatecybersecurity.com/research/analysis-of-galcomm-communigal-chrome-extension-malware/"
bhoagceacaklimpcejjofabngcjkebfg,"https://innovatecybersecurity.com/research/analysis-of-galcomm-communigal-chrome-extension-malware/"
bngebgoljdhmkgmecefkcfhjngffihii,"https://innovatecybersecurity.com/research/analysis-of-galcomm-communigal-chrome-extension-malware/"
ciiobgcookficfhfccnjfcdmhekiadje,"https://innovatecybersecurity.com/research/analysis-of-galcomm-communigal-chrome-extension-malware/"
cpgoblgcfemdmaolmfhpoifikehgbjbf,"https://innovatecybersecurity.com/research/analysis-of-galcomm-communigal-chrome-extension-malware/"
dipecofobdcjnpffbkmfkdbfmjfjfgmn,"https://innovatecybersecurity.com/research/analysis-of-galcomm-communigal-chrome-extension-malware/"
elflophcopcglipligoibfejllmndhmp,"https://innovatecybersecurity.com/research/analysis-of-galcomm-communigal-chrome-extension-malware/"
feahcinjmgpdpiidkcemfgkakemfamjg,"https://innovatecybersecurity.com/research/analysis-of-galcomm-communigal-chrome-extension-malware/"
fmbgbhkodhifcbilahghgbloblanpeig,"https://innovatecybersecurity.com/research/analysis-of-galcomm-communigal-chrome-extension-malware/"
fpagmddnoehfplillifalekcnfehinhb,"https://innovatecybersecurity.com/research/analysis-of-galcomm-communigal-chrome-extension-malware/"
gdifegeihkihjbkkgdijkcpkjekoicbl,"https://innovatecybersecurity.com/research/analysis-of-galcomm-communigal-chrome-extension-malware/"
gemcaenpcldkhfkohjjkfgfopgghpkng,"https://innovatecybersecurity.com/research/analysis-of-galcomm-communigal-chrome-extension-malware/"
gfihbklhmmihlkkjnemjppijdlmkcgbb,"https://innovatecybersecurity.com/research/analysis-of-galcomm-communigal-chrome-extension-malware/"
ggijmaajgdkdijomfipnpdfijcnodpip,"https://innovatecybersecurity.com/research/analysis-of-galcomm-communigal-chrome-extension-malware/"
ghgjhnkjohlnmngbniijbkidigifekaa,"https://innovatecybersecurity.com/research/analysis-of-galcomm-communigal-chrome-extension-malware/"
gihcgddmlhacnmdenbdkokeaffnekgob,"https://innovatecybersecurity.com/research/analysis-of-galcomm-communigal-chrome-extension-malware/"
gofhadkfcffpjdbonbladicjdbkpickk,"https://innovatecybersecurity.com/research/analysis-of-galcomm-communigal-chrome-extension-malware/"
hbhldhipemjbfcdlanhifabdgapnhgbd,"https://innovatecybersecurity.com/research/analysis-of-galcomm-communigal-chrome-extension-malware/"
hjncnnhioabgjeokhinifgjcallhenll,"https://innovatecybersecurity.com/research/analysis-of-galcomm-communigal-chrome-extension-malware/"
hmamdkecijcegebmhndhcihjjkndbjgk,"https://innovatecybersecurity.com/research/analysis-of-galcomm-communigal-chrome-extension-malware/"
icmgebopaejnjlncllgmcenbbflikfjd,"https://innovatecybersecurity.com/research/analysis-of-galcomm-communigal-chrome-extension-malware/"
ijahobfejgeblmkpcmgpelfibgnnjpil,"https://innovatecybersecurity.com/research/analysis-of-galcomm-communigal-chrome-extension-malware/"
ijcgfgdkipppfbkiikoddcjflephnpmf,"https://innovatecybersecurity.com/research/analysis-of-galcomm-communigal-chrome-extension-malware/"
ipagcbjbgailmjeaojmpiddflpbgjngl,"https://innovatecybersecurity.com/research/analysis-of-galcomm-communigal-chrome-extension-malware/"
jfgkpeobcmjlocjpfgocelimhppdmigj,"https://innovatecybersecurity.com/research/analysis-of-galcomm-communigal-chrome-extension-malware/"
jgjakaebbliafihodjhpkpankimhckdf,"https://innovatecybersecurity.com/research/analysis-of-galcomm-communigal-chrome-extension-malware/"
jkdngiblfdmfjhiahibnnhcjncehcgab,"https://innovatecybersecurity.com/research/analysis-of-galcomm-communigal-chrome-extension-malware/"
jkofpdjclecgjcfomkaajhhmmhnninia,"https://innovatecybersecurity.com/research/analysis-of-galcomm-communigal-chrome-extension-malware/"
jkppdkadcnfnafkfjdhgbmhklhilimli,"https://innovatecybersecurity.com/research/analysis-of-galcomm-communigal-chrome-extension-malware/"
kbdbmddhlgckaggdapibpihadohhelao,"https://innovatecybersecurity.com/research/analysis-of-galcomm-communigal-chrome-extension-malware/"
keceijnpfmmlnebgnkhojinbkopolaom,"https://innovatecybersecurity.com/research/analysis-of-galcomm-communigal-chrome-extension-malware/"
khhemdcdllgomlbleegjdpbeflgbomcj,"https://innovatecybersecurity.com/research/analysis-of-galcomm-communigal-chrome-extension-malware/"
kifdhfgalmlmpcbbbimokkipeobjmpcl,"https://innovatecybersecurity.com/research/analysis-of-galcomm-communigal-chrome-extension-malware/"
kjcfanhkgmaaneaenocapblddnobeeci,"https://innovatecybersecurity.com/research/analysis-of-galcomm-communigal-chrome-extension-malware/"
kjgaljeofmfgjfipajjeeflbknekghma,"https://innovatecybersecurity.com/research/analysis-of-galcomm-communigal-chrome-extension-malware/"
labpefoeghdmpbfijhnnejdmnjccgplc,"https://innovatecybersecurity.com/research/analysis-of-galcomm-communigal-chrome-extension-malware/"
lhjdepbplpkgmghgiphdjpnagpmhijbg,"https://innovatecybersecurity.com/research/analysis-of-galcomm-communigal-chrome-extension-malware/"
ljnppgaebjnbbahgmjajfbcoabdpopfb,"https://innovatecybersecurity.com/research/analysis-of-galcomm-communigal-chrome-extension-malware/"
lpajppfbbiafpmbeompbinpigbemekcg,"https://innovatecybersecurity.com/research/analysis-of-galcomm-communigal-chrome-extension-malware/"
majekhlfhmeeplofdolkddbecmgjgplm,"https://innovatecybersecurity.com/research/analysis-of-galcomm-communigal-chrome-extension-malware/"
mdodmpdhcdbdlbeahilnfoeidccceegj,"https://innovatecybersecurity.com/research/analysis-of-galcomm-communigal-chrome-extension-malware/"
mhinpnedhapjlbgnhcifjdkklbeefbpa,"https://innovatecybersecurity.com/research/analysis-of-galcomm-communigal-chrome-extension-malware/"
mopkkgobjofbkkgemcidkndbglkcfhjj,"https://innovatecybersecurity.com/research/analysis-of-galcomm-communigal-chrome-extension-malware/"
mpledlgefahhhgodkdamhlplcjdgalme,"https://innovatecybersecurity.com/research/analysis-of-galcomm-communigal-chrome-extension-malware/"
nahhmpbckpgdidfnmfkfgiflpjijilce,"https://innovatecybersecurity.com/research/analysis-of-galcomm-communigal-chrome-extension-malware/"
nccfgpamboionigdpfjmijhlgmgdbael,"https://innovatecybersecurity.com/research/analysis-of-galcomm-communigal-chrome-extension-malware/"
ncepfbpjhkahgdemgmjmcgbgnfdinnhk,"https://innovatecybersecurity.com/research/analysis-of-galcomm-communigal-chrome-extension-malware/"
nofdiclilfkicekdajkiaieafeciemlh,"https://innovatecybersecurity.com/research/analysis-of-galcomm-communigal-chrome-extension-malware/"
npaklgbiblcbpokaiddpmmbknncnbljb,"https://innovatecybersecurity.com/research/analysis-of-galcomm-communigal-chrome-extension-malware/"
ocilpnnapnkmcdabaeoobbamlniheaep,"https://innovatecybersecurity.com/research/analysis-of-galcomm-communigal-chrome-extension-malware/"
ojmoedcpcgeminijlnogdmkelkcfalfl,"https://innovatecybersecurity.com/research/analysis-of-galcomm-communigal-chrome-extension-malware/"
olojcnagmcbplpdddabmpfehhlleobpb,"https://innovatecybersecurity.com/research/analysis-of-galcomm-communigal-chrome-extension-malware/"
ommbgnllpkjnidkcnginhlacffdcdijc,"https://innovatecybersecurity.com/research/analysis-of-galcomm-communigal-chrome-extension-malware/"
onkopdeihmdimjphfbmlefelnegjkefb,"https://innovatecybersecurity.com/research/analysis-of-galcomm-communigal-chrome-extension-malware/"
pgahbiaijngfmbbijfgmchcnkipajgha,"https://innovatecybersecurity.com/research/analysis-of-galcomm-communigal-chrome-extension-malware/"
pilplloabdedfmialnfchjomjmpjcoej,"https://innovatecybersecurity.com/research/analysis-of-galcomm-communigal-chrome-extension-malware/"
pknkncdfjlncijifekldbjmeaiakdbof,"https://innovatecybersecurity.com/research/analysis-of-galcomm-communigal-chrome-extension-malware/"
pnciakodcdnehobpfcjcnnlcpmjlpkac,"https://innovatecybersecurity.com/research/analysis-of-galcomm-communigal-chrome-extension-malware/"
aonedlchkbicmhepimiahfalheedjgbh,"https://securelist.com/threat-in-your-browser-extensions/107181/"
bifdhahddjbdbjmiekcnmeiffabcfjgh,"https://securelist.com/threat-in-your-browser-extensions/107181/"
ceopoaldcnmhechacafgagdkklcogkgd,"https://securelist.com/threat-in-your-browser-extensions/107181/"
colgdlijdieibnaccfdcdbpdffofkfeb,"https://securelist.com/threat-in-your-browser-extensions/107181/"
fdempkefdmgfcogieifmnadjhohaljcb,"https://securelist.com/threat-in-your-browser-extensions/107181/"
fncbkmmlcehhipmmofdhejcggdapcmon,"https://securelist.com/threat-in-your-browser-extensions/107181/"
hdbipekpdpggjaipompnomhccfemaljm,"https://securelist.com/threat-in-your-browser-extensions/107181/"
kpocjpoifmommoiiiamepombpeoaehfh,"https://securelist.com/threat-in-your-browser-extensions/107181/"
lfedlgnabjompjngkpddclhgcmeklana,"https://securelist.com/threat-in-your-browser-extensions/107181/"
mabloidgodmbnmnhoenmhlcjkfelomgp,"https://securelist.com/threat-in-your-browser-extensions/107181/"
mallpejgeafdahhflmliiahjdpgbegpk,"https://securelist.com/threat-in-your-browser-extensions/107181/"
nahhmpbckpgdidfnmfkfgiflpjijilce,"https://securelist.com/threat-in-your-browser-extensions/107181/"
ncjbeingokdeimlmolagjaddccfdlkbd,"https://securelist.com/threat-in-your-browser-extensions/107181/"
oobppndjaabcidladjeehddkgkccfcpn,"https://securelist.com/threat-in-your-browser-extensions/107181/"
pilplloabdedfmialnfchjomjmpjcoej,"https://securelist.com/threat-in-your-browser-extensions/107181/"
aapbdbdomjkkjkaonfhkkikfgjllcleb,"https://www.zimperium.com/blog/abc-soup-the-malicious-adware-extension-with-350-variants/"
eenjdnjldapjajjofmldgmkjaienebbj,"https://www.bleepingcomputer.com/news/security/copyfish-chrome-extension-hijacked-to-show-adware/"
lcdlanlaneooailnebnhamiiieebikid,"https://www.bleepingcomputer.com/news/security/fake-chrome-extension-internet-download-manager-has-200-000-installs/"
ngpampappnmepgilojfohadhhmbhlaek,"https://www.bleepingcomputer.com/news/security/fake-chrome-extension-internet-download-manager-has-200-000-installs/"
llcdellnofncikmhimjdbkdjgpmcjbik,"https://blog.cyble.com/2022/11/22/over-2-million-users-affected-with-browser-hijackers/"
mjnbclmflcpookeapghfhapeffmpodij,"https://blog.cyble.com/2022/11/22/over-2-million-users-affected-with-browser-hijackers/"
odlnghcomkeenpeblhddfpacdncfjmna,"https://blog.cyble.com/2022/11/22/over-2-million-users-affected-with-browser-hijackers/"
blddohgncmehcepnokognejaaahehncd,"https://www.bleepingcomputer.com/news/security/backdoored-chrome-extension-installed-by-200-000-roblox-players"
ccjalhebkdogpobnbdhfpincfeohonni,"https://www.bleepingcomputer.com/news/security/backdoored-chrome-extension-installed-by-200-000-roblox-players"
adcgijngmbpleglelbhmfnfgmgnnaojh,"https://raw.githubusercontent.com/randomaccess3/detections/main/extensions/chromium/extracted/reddit_droidclub.txt"
aflgnlnfhhfocmkikhfelilibcdmalfg,"https://raw.githubusercontent.com/randomaccess3/detections/main/extensions/chromium/extracted/reddit_droidclub.txt"
akbmkokbdbkfgnciimgbpndidcookica,"https://raw.githubusercontent.com/randomaccess3/detections/main/extensions/chromium/extracted/reddit_droidclub.txt"
bidmloagildlhkkiabgfdhpgkmhmgjho,"https://raw.githubusercontent.com/randomaccess3/detections/main/extensions/chromium/extracted/reddit_droidclub.txt"
ceopoaldcnmhechacafgagdkklcogkgd,"https://raw.githubusercontent.com/randomaccess3/detections/main/extensions/chromium/extracted/reddit_droidclub.txt"
cgmagmgdmfgambngmhahionnmiieejpb,"https://raw.githubusercontent.com/randomaccess3/detections/main/extensions/chromium/extracted/reddit_droidclub.txt"
dddpdjidpiddnldfpabcelinhoknaphc,"https://raw.githubusercontent.com/randomaccess3/detections/main/extensions/chromium/extracted/reddit_droidclub.txt"
dnflpnhpbffehddplcdlohealbgbbamk,"https://raw.githubusercontent.com/randomaccess3/detections/main/extensions/chromium/extracted/reddit_droidclub.txt"
doibabjiapabnfibohiinbmjjblnlioi,"https://raw.githubusercontent.com/randomaccess3/detections/main/extensions/chromium/extracted/reddit_droidclub.txt"
ebfekolillbapcjmlmjnlnkicapmhgjn,"https://raw.githubusercontent.com/randomaccess3/detections/main/extensions/chromium/extracted/reddit_droidclub.txt"
egbpmjkpccpjhfnhfhgeklgibepkimpd,"https://raw.githubusercontent.com/randomaccess3/detections/main/extensions/chromium/extracted/reddit_droidclub.txt"
fkfcmeoepjhclglafbppmeidjjolcgid,"https://raw.githubusercontent.com/randomaccess3/detections/main/extensions/chromium/extracted/reddit_droidclub.txt"
fncbkmmlcehhipmmofdhejcggdapcmon,"https://raw.githubusercontent.com/randomaccess3/detections/main/extensions/chromium/extracted/reddit_droidclub.txt"
gjidffbnnlofmglgmbljkklgelnbidgo,"https://raw.githubusercontent.com/randomaccess3/detections/main/extensions/chromium/extracted/reddit_droidclub.txt"
gmfijjnfjoeafkhalnojfbaekemcofoi,"https://raw.githubusercontent.com/randomaccess3/detections/main/extensions/chromium/extracted/reddit_droidclub.txt"
hhaalpeklfijljphgfkgppokkijcbpga,"https://raw.githubusercontent.com/randomaccess3/detections/main/extensions/chromium/extracted/reddit_droidclub.txt"
himefdaeljlpmlikhdpinjfiohijjlng,"https://raw.githubusercontent.com/randomaccess3/detections/main/extensions/chromium/extracted/reddit_droidclub.txt"
ijjnmdphpnlnelhbhefnfmimenjgbfcn,"https://raw.githubusercontent.com/randomaccess3/detections/main/extensions/chromium/extracted/reddit_droidclub.txt"
ikgjglmlehllifdekcggaapkaplbdpje,"https://raw.githubusercontent.com/randomaccess3/detections/main/extensions/chromium/extracted/reddit_droidclub.txt"
jadhamcfimejpbemfkgoeijaimpciehj,"https://raw.githubusercontent.com/randomaccess3/detections/main/extensions/chromium/extracted/reddit_droidclub.txt"
jcnijlipdlfgjojinphboifjbedkkjpk,"https://raw.githubusercontent.com/randomaccess3/detections/main/extensions/chromium/extracted/reddit_droidclub.txt"
jkbnhlhcdndaamafgbelomapajcnjpde,"https://raw.githubusercontent.com/randomaccess3/detections/main/extensions/chromium/extracted/reddit_droidclub.txt"
jlnojnckglpdpecfkmanbjgcbkibcgoa,"https://raw.githubusercontent.com/randomaccess3/detections/main/extensions/chromium/extracted/reddit_droidclub.txt"
jnnbmiailafajdkboegcjcdklooomfic,"https://raw.githubusercontent.com/randomaccess3/detections/main/extensions/chromium/extracted/reddit_droidclub.txt"
kbfheninkdonankpffgbmkilnlkmpdie,"https://raw.githubusercontent.com/randomaccess3/detections/main/extensions/chromium/extracted/reddit_droidclub.txt"
klfpepckaekiibejbehafgabnolmjajb,"https://raw.githubusercontent.com/randomaccess3/detections/main/extensions/chromium/extracted/reddit_droidclub.txt"
kohoehgoafblafjinhplmhcbphgaaobc,"https://raw.githubusercontent.com/randomaccess3/detections/main/extensions/chromium/extracted/reddit_droidclub.txt"
kpocjpoifmommoiiiamepombpeoaehfh,"https://raw.githubusercontent.com/randomaccess3/detections/main/extensions/chromium/extracted/reddit_droidclub.txt"
lbapdklahcjljfincdglncfpdgfhckcf,"https://raw.githubusercontent.com/randomaccess3/detections/main/extensions/chromium/extracted/reddit_droidclub.txt"
lgfehfbnofiffladdncogfobimealokp,"https://raw.githubusercontent.com/randomaccess3/detections/main/extensions/chromium/extracted/reddit_droidclub.txt"
mallpejgeafdahhflmliiahjdpgbegpk,"https://raw.githubusercontent.com/randomaccess3/detections/main/extensions/chromium/extracted/reddit_droidclub.txt"
mjohbbemcjnjcmgdlfimnlekklecjioi,"https://raw.githubusercontent.com/randomaccess3/detections/main/extensions/chromium/extracted/reddit_droidclub.txt"
mmgkbcihahpocjmclehpjejmgjmijcib,"https://raw.githubusercontent.com/randomaccess3/detections/main/extensions/chromium/extracted/reddit_droidclub.txt"
naedfjpkboljpmbmdnfnibcndmmgdnen,"https://raw.githubusercontent.com/randomaccess3/detections/main/extensions/chromium/extracted/reddit_droidclub.txt"
niojcggonafbneajjmkpkcigabaobmge,"https://raw.githubusercontent.com/randomaccess3/detections/main/extensions/chromium/extracted/reddit_droidclub.txt"
nmacmlcfcmckdohgadnopepbmdahacfi,"https://raw.githubusercontent.com/randomaccess3/detections/main/extensions/chromium/extracted/reddit_droidclub.txt"
nmoljkcokoboaagjadndhkcemgmnoaoa,"https://raw.githubusercontent.com/randomaccess3/detections/main/extensions/chromium/extracted/reddit_droidclub.txt"
npmoikddpdgbhgbkjgjemncoegpojpng,"https://raw.githubusercontent.com/randomaccess3/detections/main/extensions/chromium/extracted/reddit_droidclub.txt"
odcommfbpjnempjflnjmgmnfpgcadboo,"https://raw.githubusercontent.com/randomaccess3/detections/main/extensions/chromium/extracted/reddit_droidclub.txt"
pnacmlfckijnmogihjeaojfnfiplhhpj,"https://raw.githubusercontent.com/randomaccess3/detections/main/extensions/chromium/extracted/reddit_droidclub.txt"
ppgplhcfmaadpnkmnkhgadmaekeldbnh,"https://raw.githubusercontent.com/randomaccess3/detections/main/extensions/chromium/extracted/reddit_droidclub.txt"
aedobkofagambpnhibndgllabmkhiink,"https://raw.githubusercontent.com/randomaccess3/detections/main/extensions/chromium/extracted/trend_droidclub.txt"
ahcodkopnoolabmeeddimaccfbbgbnkg,"https://raw.githubusercontent.com/randomaccess3/detections/main/extensions/chromium/extracted/trend_droidclub.txt"
ahgfcgbmapkkfkkngkbgdhmefglhhoch,"https://raw.githubusercontent.com/randomaccess3/detections/main/extensions/chromium/extracted/trend_droidclub.txt"
ajfmifgcjbdlifbbcoocbagcpbpbafip,"https://raw.githubusercontent.com/randomaccess3/detections/main/extensions/chromium/extracted/trend_droidclub.txt"
alcemhodmihppbkoipjoiigeladbmfab,"https://raw.githubusercontent.com/randomaccess3/detections/main/extensions/chromium/extracted/trend_droidclub.txt"
amhboafopmbeaiifkcmolgielebplddn,"https://raw.githubusercontent.com/randomaccess3/detections/main/extensions/chromium/extracted/trend_droidclub.txt"
bajpajaplkkmfohgfckjdcmjaodhigbm,"https://raw.githubusercontent.com/randomaccess3/detections/main/extensions/chromium/extracted/trend_droidclub.txt"
bbjnbbkmmlfamopoapkcbhknhjolebll,"https://raw.githubusercontent.com/randomaccess3/detections/main/extensions/chromium/extracted/trend_droidclub.txt"
bbklochlbdnjkepkogifmlaaejfgnjhf,"https://raw.githubusercontent.com/randomaccess3/detections/main/extensions/chromium/extracted/trend_droidclub.txt"
caepkodhijhgkecbklgldhkdaepalahh,"https://raw.githubusercontent.com/randomaccess3/detections/main/extensions/chromium/extracted/trend_droidclub.txt"
chnfpgfeobeekbnpmaajncohmppfpfjb,"https://raw.githubusercontent.com/randomaccess3/detections/main/extensions/chromium/extracted/trend_droidclub.txt"
ckcnkbhdcgbfjjpomejcknjflkggmpjm,"https://raw.githubusercontent.com/randomaccess3/detections/main/extensions/chromium/extracted/trend_droidclub.txt"
cklihcncoeagchmooepokamfkjfofkep,"https://raw.githubusercontent.com/randomaccess3/detections/main/extensions/chromium/extracted/trend_droidclub.txt"
clcemeljdlfkhddlfcplkibelopdhdik,"https://raw.githubusercontent.com/randomaccess3/detections/main/extensions/chromium/extracted/trend_droidclub.txt"
clglkelnalggbnimiglpodkhledoenfk,"https://raw.githubusercontent.com/randomaccess3/detections/main/extensions/chromium/extracted/trend_droidclub.txt"
ddllmjjlakacffbeidndbdogijobmble,"https://raw.githubusercontent.com/randomaccess3/detections/main/extensions/chromium/extracted/trend_droidclub.txt"
dkmddfhmoocfdhcogjagaijjcinbdmeb,"https://raw.githubusercontent.com/randomaccess3/detections/main/extensions/chromium/extracted/trend_droidclub.txt"
edbkkbdfomalmbjdpfhaiciheppjihgo,"https://raw.githubusercontent.com/randomaccess3/detections/main/extensions/chromium/extracted/trend_droidclub.txt"
edndmdgfkambceallfcifndcnihfkhce,"https://raw.githubusercontent.com/randomaccess3/detections/main/extensions/chromium/extracted/trend_droidclub.txt"
eefgplhbgoepdkcjhlbpedgpchkgfedo,"https://raw.githubusercontent.com/randomaccess3/detections/main/extensions/chromium/extracted/trend_droidclub.txt"
egdcgagkkckipplmpfdfimmcipjjfkko,"https://raw.githubusercontent.com/randomaccess3/detections/main/extensions/chromium/extracted/trend_droidclub.txt"
egjmkjdlkbjjenockdaamogoiioojgjp,"https://raw.githubusercontent.com/randomaccess3/detections/main/extensions/chromium/extracted/trend_droidclub.txt"
egoalalhadillklokiiennmdflbhehoh,"https://raw.githubusercontent.com/randomaccess3/detections/main/extensions/chromium/extracted/trend_droidclub.txt"
ekeimjfcakmhnblboldknbnnhedjehjo,"https://raw.githubusercontent.com/randomaccess3/detections/main/extensions/chromium/extracted/trend_droidclub.txt"
emdcmoghepkahnnlfmejnibfbmeoogmb,"https://raw.githubusercontent.com/randomaccess3/detections/main/extensions/chromium/extracted/trend_droidclub.txt"
eodhkpnifohleagpkpkkihmokkcncokf,"https://raw.githubusercontent.com/randomaccess3/detections/main/extensions/chromium/extracted/trend_droidclub.txt"
fegiafbcldadckahemhlfcopplfdlmkp,"https://raw.githubusercontent.com/randomaccess3/detections/main/extensions/chromium/extracted/trend_droidclub.txt"
ffkenifflcedlgdkgilddnkaimmbhnec,"https://raw.githubusercontent.com/randomaccess3/detections/main/extensions/chromium/extracted/trend_droidclub.txt"
fghmmljkejbamjhomoodegbepogpheef,"https://raw.githubusercontent.com/randomaccess3/detections/main/extensions/chromium/extracted/trend_droidclub.txt"
fhnpncldijeifoiefkimdjebgkgidpgd,"https://raw.githubusercontent.com/randomaccess3/detections/main/extensions/chromium/extracted/trend_droidclub.txt"
fmhocfhibfmddhnfcflkodjdnflcgkdp,"https://raw.githubusercontent.com/randomaccess3/detections/main/extensions/chromium/extracted/trend_droidclub.txt"
fppfjlcbcjhfobfaichenmodmadgmbne,"https://raw.githubusercontent.com/randomaccess3/detections/main/extensions/chromium/extracted/trend_droidclub.txt"
gbhkbbffliokhhhibdedjcjoecnikiml,"https://raw.githubusercontent.com/randomaccess3/detections/main/extensions/chromium/extracted/trend_droidclub.txt"
ghcogfnebgohebaklihmafkofhldcebl,"https://raw.githubusercontent.com/randomaccess3/detections/main/extensions/chromium/extracted/trend_droidclub.txt"
gidollmkeombihcojmdjgfekbipejkoj,"https://raw.githubusercontent.com/randomaccess3/detections/main/extensions/chromium/extracted/trend_droidclub.txt"
gmpceckpipekimgkonhmhoidfffbeinh,"https://raw.githubusercontent.com/randomaccess3/detections/main/extensions/chromium/extracted/trend_droidclub.txt"
gnkieagafibgmfdefcbedaeplecddjkd,"https://raw.githubusercontent.com/randomaccess3/detections/main/extensions/chromium/extracted/trend_droidclub.txt"
gpmgeepeilllooepnckccihefopjbebb,"https://raw.githubusercontent.com/randomaccess3/detections/main/extensions/chromium/extracted/trend_droidclub.txt"
hjlbdangjggpfmhjbcccnnpnhhhpgpdf,"https://raw.githubusercontent.com/randomaccess3/detections/main/extensions/chromium/extracted/trend_droidclub.txt"
hnokbehlbjkbhlihbldeojhjpekehmmf,"https://raw.githubusercontent.com/randomaccess3/detections/main/extensions/chromium/extracted/trend_droidclub.txt"
hofflgideggmbkicgkniefmmhkhelefj,"https://raw.githubusercontent.com/randomaccess3/detections/main/extensions/chromium/extracted/trend_droidclub.txt"
hpfpmcafjghjgdilidipkfgpomphgekf,"https://raw.githubusercontent.com/randomaccess3/detections/main/extensions/chromium/extracted/trend_droidclub.txt"
iamfjjibfikiafdleojocafoaejhpljk,"https://raw.githubusercontent.com/randomaccess3/detections/main/extensions/chromium/extracted/trend_droidclub.txt"
iheagohkldggdkggihjljdcfnfhfgiah,"https://raw.githubusercontent.com/randomaccess3/detections/main/extensions/chromium/extracted/trend_droidclub.txt"
iikbadloeacgcpjdnnockinpepkmcjap,"https://raw.githubusercontent.com/randomaccess3/detections/main/extensions/chromium/extracted/trend_droidclub.txt"
ikfmcoipokjnmjoofngdnmkkhopjhehg,"https://raw.githubusercontent.com/randomaccess3/detections/main/extensions/chromium/extracted/trend_droidclub.txt"
iomommpnoplgaihpbjpfpmcaabgccbna,"https://raw.githubusercontent.com/randomaccess3/detections/main/extensions/chromium/extracted/trend_droidclub.txt"
ipilkhafbndhbphcecjldjilhegnjcja,"https://raw.githubusercontent.com/randomaccess3/detections/main/extensions/chromium/extracted/trend_droidclub.txt"
ipoeoopnckpoaoeghdgehhbbipnccoap,"https://raw.githubusercontent.com/randomaccess3/detections/main/extensions/chromium/extracted/trend_droidclub.txt"
jhahdjelgjmpekbclkcgbgibkgdifaml,"https://raw.githubusercontent.com/randomaccess3/detections/main/extensions/chromium/extracted/trend_droidclub.txt"
jiibdgiopnflbpbdpmgpjnpdooekonjc,"https://raw.githubusercontent.com/randomaccess3/detections/main/extensions/chromium/extracted/trend_droidclub.txt"
jmcccnnkmflngcfeebnbhfbjehglldlf,"https://raw.githubusercontent.com/randomaccess3/detections/main/extensions/chromium/extracted/trend_droidclub.txt"
jnjapnhdnkmdmgandniokkjpggpfalog,"https://raw.githubusercontent.com/randomaccess3/detections/main/extensions/chromium/extracted/trend_droidclub.txt"
kabhgijpbgkpbegomdihijdcocimlnkf,"https://raw.githubusercontent.com/randomaccess3/detections/main/extensions/chromium/extracted/trend_droidclub.txt"
kcbempkceemjmcfgicdofhcmkojdfbjl,"https://raw.githubusercontent.com/randomaccess3/detections/main/extensions/chromium/extracted/trend_droidclub.txt"
kdndbohghpcpdkbpjhdphniglgppjakd,"https://raw.githubusercontent.com/randomaccess3/detections/main/extensions/chromium/extracted/trend_droidclub.txt"
khkcgpbajgkfmkilijbhfinfeapcannh,"https://raw.githubusercontent.com/randomaccess3/detections/main/extensions/chromium/extracted/trend_droidclub.txt"
kjhgjfbokhfadnlnagimjabemfdgdfdh,"https://raw.githubusercontent.com/randomaccess3/detections/main/extensions/chromium/extracted/trend_droidclub.txt"
kjhppechdhnchkcjbaboglblnfihenjf,"https://raw.githubusercontent.com/randomaccess3/detections/main/extensions/chromium/extracted/trend_droidclub.txt"
klbelohlhkobpoeaimclnpikbdphkdhn,"https://raw.githubusercontent.com/randomaccess3/detections/main/extensions/chromium/extracted/trend_droidclub.txt"
kmfcjjkgokeekaohiijgnilbaihnifpc,"https://raw.githubusercontent.com/randomaccess3/detections/main/extensions/chromium/extracted/trend_droidclub.txt"
kpoobaeilcfcjfkbaaapdnkmaifmffkk,"https://raw.githubusercontent.com/randomaccess3/detections/main/extensions/chromium/extracted/trend_droidclub.txt"
lbflgehklpfnaofgfjhcbjajhckdoogc,"https://raw.githubusercontent.com/randomaccess3/detections/main/extensions/chromium/extracted/trend_droidclub.txt"
lhpcjiffachihfbhkabenpcpehkpoeid,"https://raw.githubusercontent.com/randomaccess3/detections/main/extensions/chromium/extracted/trend_droidclub.txt"
lifjihfdppaeaegemoefheidgcnjkadn,"https://raw.githubusercontent.com/randomaccess3/detections/main/extensions/chromium/extracted/trend_droidclub.txt"
ligldfbjaakcmbjbbbnnacjgaenggfph,"https://raw.githubusercontent.com/randomaccess3/detections/main/extensions/chromium/extracted/trend_droidclub.txt"
ljgnhmdnjbmnghlfimcnmkieohlflpgd,"https://raw.githubusercontent.com/randomaccess3/detections/main/extensions/chromium/extracted/trend_droidclub.txt"
lnmfepglldbolfelhbmiohockghoabpc,"https://raw.githubusercontent.com/randomaccess3/detections/main/extensions/chromium/extracted/trend_droidclub.txt"
lojgfkjekmbmndapleelbbemgjbdcjjm,"https://raw.githubusercontent.com/randomaccess3/detections/main/extensions/chromium/extracted/trend_droidclub.txt"
mafmpgcoinifjbepiknmnogefcomjpph,"https://raw.githubusercontent.com/randomaccess3/detections/main/extensions/chromium/extracted/trend_droidclub.txt"
mccbmgbbkpcnpblacndlfcgokbklkiam,"https://raw.githubusercontent.com/randomaccess3/detections/main/extensions/chromium/extracted/trend_droidclub.txt"
mhjbpgjmhcaemdakpgmpffblohinegji,"https://raw.githubusercontent.com/randomaccess3/detections/main/extensions/chromium/extracted/trend_droidclub.txt"
mjheoiainplbfjnjclkjifhjdahfejaj,"https://raw.githubusercontent.com/randomaccess3/detections/main/extensions/chromium/extracted/trend_droidclub.txt"
mjpmldmndlkbacfaaiamcgnfbllhdnbc,"https://raw.githubusercontent.com/randomaccess3/detections/main/extensions/chromium/extracted/trend_droidclub.txt"
mkmkhjdmkaeffpfgfljelahfogghkgol,"https://raw.githubusercontent.com/randomaccess3/detections/main/extensions/chromium/extracted/trend_droidclub.txt"
mldmghlinbmofcdhopfmkgnhohomodgi,"https://raw.githubusercontent.com/randomaccess3/detections/main/extensions/chromium/extracted/trend_droidclub.txt"
mmnhdabiapbgbcbagdncjehjdbpkigeh,"https://raw.githubusercontent.com/randomaccess3/detections/main/extensions/chromium/extracted/trend_droidclub.txt"
ndhgnlodmpalhnfdopckpolhinaafkgh,"https://raw.githubusercontent.com/randomaccess3/detections/main/extensions/chromium/extracted/trend_droidclub.txt"
nllbbpmplfhdpdnmoiigegjicamfhnhn,"https://raw.githubusercontent.com/randomaccess3/detections/main/extensions/chromium/extracted/trend_droidclub.txt"
nolggnmhlagghnfpellfnkcmkgeoiepj,"https://raw.githubusercontent.com/randomaccess3/detections/main/extensions/chromium/extracted/trend_droidclub.txt"
obnjngpeldplgkenihhhdicoeplcfbeg,"https://raw.githubusercontent.com/randomaccess3/detections/main/extensions/chromium/extracted/trend_droidclub.txt"
ooialhjmccmllnifoiblbjgcnbgdejpm,"https://raw.githubusercontent.com/randomaccess3/detections/main/extensions/chromium/extracted/trend_droidclub.txt"
paokbggdacflkaiddinlhpkpegklgolc,"https://raw.githubusercontent.com/randomaccess3/detections/main/extensions/chromium/extracted/trend_droidclub.txt"
pbgdknbinlcbjkbiihcakedepnbonnce,"https://raw.githubusercontent.com/randomaccess3/detections/main/extensions/chromium/extracted/trend_droidclub.txt"
pdbdlcjiihinipmeijmccidamciifhag,"https://raw.githubusercontent.com/randomaccess3/detections/main/extensions/chromium/extracted/trend_droidclub.txt"
penlocnbkkkcaingngkjmdlkikeklemm,"https://raw.githubusercontent.com/randomaccess3/detections/main/extensions/chromium/extracted/trend_droidclub.txt"
pfcidoolgbfidgaclhiipeleagglabpc,"https://raw.githubusercontent.com/randomaccess3/detections/main/extensions/chromium/extracted/trend_droidclub.txt"
poecefgcfhghjbdifplpcaapkfnakfkk,"https://raw.githubusercontent.com/randomaccess3/detections/main/extensions/chromium/extracted/trend_droidclub.txt"
pplcbeendgbblphgmdgfcofdbfiocfgb,"https://raw.githubusercontent.com/randomaccess3/detections/main/extensions/chromium/extracted/trend_droidclub.txt"
hacfaophiklaeolhnmckojjjjbnappen,"https://raw.githubusercontent.com/randomaccess3/detections/main/extensions/chromium/extracted/guard_fakegpt.txt"
bncibciebfeopcomdaknelhcohiidaoe,"https://www.mcafee.com/blogs/other-blogs/mcafee-labs/imposter-netflix-chrome-extension-dupes-100k-users/"
cbchmocclikhalhkckeiofpboloaakim,"https://www.mcafee.com/blogs/other-blogs/mcafee-labs/imposter-netflix-chrome-extension-dupes-100k-users/"
dkdjiiihnadmgmmfobidmmegidmmjobi,"https://www.mcafee.com/blogs/other-blogs/mcafee-labs/imposter-netflix-chrome-extension-dupes-100k-users/"
flapondhpgmggemifmemcmicjodpmkjb,"https://www.mcafee.com/blogs/other-blogs/mcafee-labs/imposter-netflix-chrome-extension-dupes-100k-users/"
flddpiffdlibegmclipfcnmaibecaobi,"https://www.mcafee.com/blogs/other-blogs/mcafee-labs/imposter-netflix-chrome-extension-dupes-100k-users/"
hacogolfhplehfdeknkjnlblnghglfbp,"https://www.mcafee.com/blogs/other-blogs/mcafee-labs/imposter-netflix-chrome-extension-dupes-100k-users/"
hhllgokdpekfchhhiknedpppjhgicfgg,"https://www.mcafee.com/blogs/other-blogs/mcafee-labs/imposter-netflix-chrome-extension-dupes-100k-users/"
hkanhigmilpgifamljmnfppnllckkpda,"https://www.mcafee.com/blogs/other-blogs/mcafee-labs/imposter-netflix-chrome-extension-dupes-100k-users/"
jgofflaejgklikbnoefbfmhfohlnockd,"https://www.mcafee.com/blogs/other-blogs/mcafee-labs/imposter-netflix-chrome-extension-dupes-100k-users/"
lldibibpehfomjljogedjhaldedlmfck,"https://www.mcafee.com/blogs/other-blogs/mcafee-labs/imposter-netflix-chrome-extension-dupes-100k-users/"
maolinhbkonpckjldhnocgilkabpfodc,"https://www.mcafee.com/blogs/other-blogs/mcafee-labs/imposter-netflix-chrome-extension-dupes-100k-users/"
pfhjfcifolioiddfgicgkapbkfndaodc,"https://www.mcafee.com/blogs/other-blogs/mcafee-labs/imposter-netflix-chrome-extension-dupes-100k-users/"
pkdpclgpnnfhpapcnffgjbplfbmoejbj,"https://www.mcafee.com/blogs/other-blogs/mcafee-labs/imposter-netflix-chrome-extension-dupes-100k-users/"
ajneghihjbebmnljfhlpdmjjpifeaokc,"https://palant.info/2023/05/31/more-malicious-extensions-in-chrome-web-store/"
bahogceckgcanpcoabcdgmoidngedmfo,"https://palant.info/2023/05/31/more-malicious-extensions-in-chrome-web-store/"
bjlcpoknpgaoaollojjdnbdojdclidkh,"https://palant.info/2023/05/31/more-malicious-extensions-in-chrome-web-store/"
bkpdalonclochcahhipekbnedhklcdnp,"https://palant.info/2023/05/31/more-malicious-extensions-in-chrome-web-store/"
chmfnmjfghjpdamlofhlonnnnokkpbao,"https://palant.info/2023/05/31/more-malicious-extensions-in-chrome-web-store/"
ciifcakemmcbbdpmljdohdmbodagmela,"https://palant.info/2023/05/31/more-malicious-extensions-in-chrome-web-store/"
deebfeldnfhemlnidojiiidadkgnglpi,"https://palant.info/2023/05/31/more-malicious-extensions-in-chrome-web-store/"
djmpbcihmblfdlkcfncodakgopmpgpgh,"https://palant.info/2023/05/31/more-malicious-extensions-in-chrome-web-store/"
dppnhoaonckcimpejpjodcdoenfjleme,"https://palant.info/2023/05/31/more-malicious-extensions-in-chrome-web-store/"
edadmcnnkkkgmofibeehgaffppadbnbi,"https://palant.info/2023/05/31/more-malicious-extensions-in-chrome-web-store/"
fbjfihoienmhbjflbobnmimfijpngkpa,"https://palant.info/2023/05/31/more-malicious-extensions-in-chrome-web-store/"
flmihfcdcgigpfcfjpdcniidbfnffdcf,"https://palant.info/2023/05/31/more-malicious-extensions-in-chrome-web-store/"
gcnceeflimggoamelclcbhcdggcmnglm,"https://palant.info/2023/05/31/more-malicious-extensions-in-chrome-web-store/"
gfbgiekofllpkpaoadjhbbfnljbcimoh,"https://palant.info/2023/05/31/more-malicious-extensions-in-chrome-web-store/"
hdgdghnfcappcodemanhafioghjhlbpb,"https://palant.info/2023/05/31/more-malicious-extensions-in-chrome-web-store/"
hinhmojdkodmficpockledafoeodokmc,"https://palant.info/2023/05/31/more-malicious-extensions-in-chrome-web-store/"
icnekagcncdgpdnpoecofjinkplbnocm,"https://palant.info/2023/05/31/more-malicious-extensions-in-chrome-web-store/"
idgncaddojiejegdmkofblgplkgmeipk,"https://palant.info/2023/05/31/more-malicious-extensions-in-chrome-web-store/"
iicpikopjmmincpjkckdngpkmlcchold,"https://palant.info/2023/05/31/more-malicious-extensions-in-chrome-web-store/"
kjeffohcijbnlkgoaibmdcfconakaajm,"https://palant.info/2023/05/31/more-malicious-extensions-in-chrome-web-store/"
lgjdgmdbfhobkdbcjnpnlmhnplnidkkp,"https://palant.info/2023/05/31/more-malicious-extensions-in-chrome-web-store/"
lipmdblppejomolopniipdjlpfjcojob,"https://palant.info/2023/05/31/more-malicious-extensions-in-chrome-web-store/"
lklmhefoneonjalpjcnhaidnodopinib,"https://palant.info/2023/05/31/more-malicious-extensions-in-chrome-web-store/"
lmcboojgmmaafdmgacncdpjnpnnhpmei,"https://palant.info/2023/05/31/more-malicious-extensions-in-chrome-web-store/"
magnkhldhhgdlhikeighmhlhonpmlolk,"https://palant.info/2023/05/31/more-malicious-extensions-in-chrome-web-store/"
mcmdolplhpeopapnlpbjceoofpgmkahc,"https://palant.info/2023/05/31/more-malicious-extensions-in-chrome-web-store/"
meljmedplehjlnnaempfdoecookjenph,"https://palant.info/2023/05/31/more-malicious-extensions-in-chrome-web-store/"
nadenkhojomjfdcppbhhncbfakfjiabp,"https://palant.info/2023/05/31/more-malicious-extensions-in-chrome-web-store/"
obeokabcpoilgegepbhlcleanmpgkhcp,"https://palant.info/2023/05/31/more-malicious-extensions-in-chrome-web-store/"
okclicinnbnfkgchommiamjnkjcibfid,"https://palant.info/2023/05/31/more-malicious-extensions-in-chrome-web-store/"
pbdpfhmbdldfoioggnphkiocpidecmbp,"https://palant.info/2023/05/31/more-malicious-extensions-in-chrome-web-store/"
pbebadpeajadcmaoofljnnfgofehnpeo,"https://palant.info/2023/05/31/more-malicious-extensions-in-chrome-web-store/"
pcjmcnhpobkjnhajhhleejfmpeoahclc,"https://palant.info/2023/05/31/more-malicious-extensions-in-chrome-web-store/"
pinnfpbpjancnbidnnhpemakncopaega,"https://palant.info/2023/05/31/more-malicious-extensions-in-chrome-web-store/"
aeclplbmglgjpfaikihdlkjhgegehbbf,"https://blog.avast.com/malicious-extensions-chrome-web-store"
afffieldplmegknlfkicedfpbbdbpaef,"https://blog.avast.com/malicious-extensions-chrome-web-store"
ajneghihjbebmnljfhlpdmjjpifeaokc,"https://blog.avast.com/malicious-extensions-chrome-web-store"
ameggholdkgkdepolbiaekmhjiaiiccg,"https://blog.avast.com/malicious-extensions-chrome-web-store"
bafbedjnnjkjjjelgblfbddajjgcpndi,"https://blog.avast.com/malicious-extensions-chrome-web-store"
bahogceckgcanpcoabcdgmoidngedmfo,"https://blog.avast.com/malicious-extensions-chrome-web-store"
bikjmmacnlceobeapchfnlcekincgkng,"https://blog.avast.com/malicious-extensions-chrome-web-store"
bkbdedlenkomhjbfljaopfbmimhdgenl,"https://blog.avast.com/malicious-extensions-chrome-web-store"
bkflddlohelgdmjoehphbkfallnbompm,"https://blog.avast.com/malicious-extensions-chrome-web-store"
bkpdalonclochcahhipekbnedhklcdnp,"https://blog.avast.com/malicious-extensions-chrome-web-store"
bppfigeglphkpioihhhpbpgcnnhpogki,"https://blog.avast.com/malicious-extensions-chrome-web-store"
cajcbolfepkcgbgafllkjfnokncgibpd,"https://blog.avast.com/malicious-extensions-chrome-web-store"
ciifcakemmcbbdpmljdohdmbodagmela,"https://blog.avast.com/malicious-extensions-chrome-web-store"
deebfeldnfhemlnidojiiidadkgnglpi,"https://blog.avast.com/malicious-extensions-chrome-web-store"
diapmighkmmnpmdkfnmlbpkjkealjojg,"https://blog.avast.com/malicious-extensions-chrome-web-store"
dlnanhjfdjgnnmbajgikidobcbfpnblp,"https://blog.avast.com/malicious-extensions-chrome-web-store"
dppnhoaonckcimpejpjodcdoenfjleme,"https://blog.avast.com/malicious-extensions-chrome-web-store"
edadmcnnkkkgmofibeehgaffppadbnbi,"https://blog.avast.com/malicious-extensions-chrome-web-store"
edaflgnfadlopeefcbdlcnjnfkefkhio,"https://blog.avast.com/malicious-extensions-chrome-web-store"
edailiddamlkedgjaoialogpllocmgjg,"https://blog.avast.com/malicious-extensions-chrome-web-store"
edmmaocllgjakiiilohibgicdjndkljp,"https://blog.avast.com/malicious-extensions-chrome-web-store"
eibcbmdmfcgklpkghpkojpaedhloemhi,"https://blog.avast.com/malicious-extensions-chrome-web-store"
enofnamganfiiidbpcmcihkihfmfpobo,"https://blog.avast.com/malicious-extensions-chrome-web-store"
epmmfnfpkjjhgikijelhmomnbeneepbe,"https://blog.avast.com/malicious-extensions-chrome-web-store"
fcndjoibnbpijadgnjjkfmmjbgjmbadk,"https://blog.avast.com/malicious-extensions-chrome-web-store"
fejgiddmdpgdmhhdjbophmflidmdpgdi,"https://blog.avast.com/malicious-extensions-chrome-web-store"
ffiddnnfloiehekhgfjpphceidalmmgd,"https://blog.avast.com/malicious-extensions-chrome-web-store"
fgpeefdjgfeoioneknokbpficnpkddbl,"https://blog.avast.com/malicious-extensions-chrome-web-store"
fhnlapempodiikihjeggpacnefpdemam,"https://blog.avast.com/malicious-extensions-chrome-web-store"
finepngcchiffimedhcfmmlkgjmeokpp,"https://blog.avast.com/malicious-extensions-chrome-web-store"
flmihfcdcgigpfcfjpdcniidbfnffdcf,"https://blog.avast.com/malicious-extensions-chrome-web-store"
fpfmkkljdiofokoikgglafnfmmffmmhc,"https://blog.avast.com/malicious-extensions-chrome-web-store"
gdlbpbalajnhpfklckhciopjlbbiepkn,"https://blog.avast.com/malicious-extensions-chrome-web-store"
geokkpbkfpghbjdgbganjkgfhaafmhbo,"https://blog.avast.com/malicious-extensions-chrome-web-store"
gfbgiekofllpkpaoadjhbbfnljbcimoh,"https://blog.avast.com/malicious-extensions-chrome-web-store"
ghabgolckcdgbbffijkkpamcphkfihgm,"https://blog.avast.com/malicious-extensions-chrome-web-store"
glfondjanahgpmkgjggafhdnbbcidhgf,"https://blog.avast.com/malicious-extensions-chrome-web-store"
gliolnahchemnmdjengkkdhcpdfehkhi,"https://blog.avast.com/malicious-extensions-chrome-web-store"
gnmjmennllheofmojjffnidneaohleln,"https://blog.avast.com/malicious-extensions-chrome-web-store"
hdgdghnfcappcodemanhafioghjhlbpb,"https://blog.avast.com/malicious-extensions-chrome-web-store"
hdifogmldkmbjgbgffmkphfhpdfhjgmh,"https://blog.avast.com/malicious-extensions-chrome-web-store"
hhhbnnlkhiajhlfmedeifcniniopfaoo,"https://blog.avast.com/malicious-extensions-chrome-web-store"
higffkkddppmfcpkcolamkhcknhfhdlo,"https://blog.avast.com/malicious-extensions-chrome-web-store"
hmakjfeknhkfmlckieeepnnldblejdbd,"https://blog.avast.com/malicious-extensions-chrome-web-store"
icnekagcncdgpdnpoecofjinkplbnocm,"https://blog.avast.com/malicious-extensions-chrome-web-store"
iejlgecgghdfhnappmejmhkgkkakbefg,"https://blog.avast.com/malicious-extensions-chrome-web-store"
igefbihdjhmkhnofbmnagllkafpaancf,"https://blog.avast.com/malicious-extensions-chrome-web-store"
igfpifinmdgadnepcpbdddpndnlkdela,"https://blog.avast.com/malicious-extensions-chrome-web-store"
iicpikopjmmincpjkckdngpkmlcchold,"https://blog.avast.com/malicious-extensions-chrome-web-store"
imfnolmlkamfkegkhlpofldehcfghkhk,"https://blog.avast.com/malicious-extensions-chrome-web-store"
jbolpidmijgjfkcpndcngibedciomlhd,"https://blog.avast.com/malicious-extensions-chrome-web-store"
jjooglnnhopdfiiccjbkjdcpplgdkbmo,"https://blog.avast.com/malicious-extensions-chrome-web-store"
jlhmhmjkoklbnjjocicepjjjpnnbhodj,"https://blog.avast.com/malicious-extensions-chrome-web-store"
kafnldcilonjofafnggijbhknjhpffcd,"https://blog.avast.com/malicious-extensions-chrome-web-store"
keecjmliebjajodgnbcegpmnalopnfcb,"https://blog.avast.com/malicious-extensions-chrome-web-store"
kjeffohcijbnlkgoaibmdcfconakaajm,"https://blog.avast.com/malicious-extensions-chrome-web-store"
lcdaafomaehnnhjgbgbdpgpagfcfgddg,"https://blog.avast.com/malicious-extensions-chrome-web-store"
lgjdgmdbfhobkdbcjnpnlmhnplnidkkp,"https://blog.avast.com/malicious-extensions-chrome-web-store"
lhpbjmgkppampoeecnlfibfgodkfmapd,"https://blog.avast.com/malicious-extensions-chrome-web-store"
likbpmomddfoeelgcmmgilhmefinonpo,"https://blog.avast.com/malicious-extensions-chrome-web-store"
lipmdblppejomolopniipdjlpfjcojob,"https://blog.avast.com/malicious-extensions-chrome-web-store"
lklmhefoneonjalpjcnhaidnodopinib,"https://blog.avast.com/malicious-extensions-chrome-web-store"
llcogfahhcbonemgkdjcjclaahplbldg,"https://blog.avast.com/malicious-extensions-chrome-web-store"
lmcboojgmmaafdmgacncdpjnpnnhpmei,"https://blog.avast.com/malicious-extensions-chrome-web-store"
lpejglcfpkpbjhmnnmpmmlpblkcmdgmi,"https://blog.avast.com/malicious-extensions-chrome-web-store"
magnkhldhhgdlhikeighmhlhonpmlolk,"https://blog.avast.com/malicious-extensions-chrome-web-store"
mcmdolplhpeopapnlpbjceoofpgmkahc,"https://blog.avast.com/malicious-extensions-chrome-web-store"
meljmedplehjlnnaempfdoecookjenph,"https://blog.avast.com/malicious-extensions-chrome-web-store"
nadenkhojomjfdcppbhhncbfakfjiabp,"https://blog.avast.com/malicious-extensions-chrome-web-store"
nbocmbonjfbpnolapbknojklafhkmplk,"https://blog.avast.com/malicious-extensions-chrome-web-store"
ngbglchnipjlikkfpfgickhnlpchdlco,"https://blog.avast.com/malicious-extensions-chrome-web-store"
njglkaigokomacaljolalkopeonkpbik,"https://blog.avast.com/malicious-extensions-chrome-web-store"
obeokabcpoilgegepbhlcleanmpgkhcp,"https://blog.avast.com/malicious-extensions-chrome-web-store"
obfdmhekhgnjollgnhjhedapplpmbpka,"https://blog.avast.com/malicious-extensions-chrome-web-store"
oejfpkocfgochpkljdlmcnibecancpnl,"https://blog.avast.com/malicious-extensions-chrome-web-store"
okclicinnbnfkgchommiamjnkjcibfid,"https://blog.avast.com/malicious-extensions-chrome-web-store"
olkcbimhgpenhcboejacjpmohcincfdb,"https://blog.avast.com/malicious-extensions-chrome-web-store"
ooaehdahoiljphlijlaplnbeaeeimhbb,"https://blog.avast.com/malicious-extensions-chrome-web-store"
pbdpfhmbdldfoioggnphkiocpidecmbp,"https://blog.avast.com/malicious-extensions-chrome-web-store"
pbebadpeajadcmaoofljnnfgofehnpeo,"https://blog.avast.com/malicious-extensions-chrome-web-store"
pidecdgcabcolloikegacdjejomeodji,"https://blog.avast.com/malicious-extensions-chrome-web-store"
pinnfpbpjancnbidnnhpemakncopaega,"https://blog.avast.com/malicious-extensions-chrome-web-store"
